timestamp,hour,failed_logins,session_duration_sec,bytes_sent,user,city,src_ip,label
2026-01-01 00:59:00,7,1,37.14,1259.64,user_18,Haifa,10.0.0.16,normal
2026-01-01 10:37:00,12,1,59.21,1202.08,user_01,Haifa,10.0.0.10,normal
2026-01-01 07:36:00,13,1,69.03,728.73,user_21,Tel Aviv,10.0.0.21,normal
2026-01-01 00:08:00,5,0,53.65,1217.54,user_18,Tel Aviv,10.0.0.44,normal
2026-01-01 22:00:00,3,1,39.29,1660.59,user_06,Jerusalem,10.0.0.19,normal
2026-01-01 14:59:00,11,1,55.22,1595.08,user_09,Haifa,10.0.0.45,normal
2026-01-01 07:08:00,9,0,66.8,756.27,user_10,Beer Sheva,10.0.0.19,normal
2026-01-01 07:52:00,10,1,54.37,1333.27,user_19,Beer Sheva,10.0.0.46,normal
2026-01-01 05:41:00,12,2,53.68,1025.2,user_21,Jerusalem,10.0.0.30,normal
2026-01-01 22:19:00,11,1,42.64,1313.43,user_07,Haifa,10.0.0.45,normal
2026-01-01 12:26:00,8,0,65.83,1370.03,user_17,Tel Aviv,10.0.0.39,normal
2026-01-01 19:39:00,9,1,44.92,1019.77,user_16,Tel Aviv,10.0.0.53,normal
2026-01-01 19:23:00,9,1,60.22,1506.94,user_14,Haifa,10.0.0.34,normal
2026-01-01 10:54:00,12,3,24.96,1026.25,user_11,Haifa,10.0.0.39,normal
2026-01-01 19:32:00,13,0,59.85,658.62,user_19,Eilat,10.0.0.23,normal
2026-01-01 11:14:00,5,0,76.1,1354.77,user_15,Haifa,10.0.0.27,normal
2026-01-01 07:08:00,11,1,59.96,927.37,user_14,Tel Aviv,10.0.0.31,normal
2026-01-01 20:59:00,6,0,38.61,1425.73,user_15,Tel Aviv,10.0.0.57,normal
2026-01-01 17:43:00,12,1,64.48,1107.28,user_07,Beer Sheva,10.0.0.35,normal
2026-01-01 02:22:00,6,1,85.93,539.81,user_25,Haifa,10.0.0.44,normal
2026-01-01 15:58:00,12,0,52.2,1155.97,user_07,Haifa,10.0.0.13,normal
2026-01-01 01:12:00,6,1,95.08,1559.55,user_05,Jerusalem,10.0.0.56,normal
2026-01-01 02:28:00,14,1,42.91,1465.6,user_23,Haifa,10.0.0.18,normal
2026-01-01 14:27:00,10,1,39.45,1116.74,user_08,Jerusalem,10.0.0.49,normal
2026-01-01 05:59:00,13,1,56.29,1219.15,user_04,Haifa,10.0.0.52,normal
2026-01-01 15:47:00,8,1,73.12,773.76,user_16,Jerusalem,10.0.0.31,normal
2026-01-01 22:27:00,14,0,47.16,1036.61,user_23,Jerusalem,10.0.0.36,normal
2026-01-01 12:52:00,0,18,6.6,127.7,user_01,Unknown,185.220.101.87,attack
2026-01-01 08:33:00,10,0,43.67,973.7,user_13,Beer Sheva,10.0.0.28,normal
2026-01-01 07:08:00,1,0,43.67,1175.34,user_04,Tel Aviv,10.0.0.26,normal
2026-01-01 17:27:00,8,1,44.89,1287.42,user_20,Tel Aviv,10.0.0.40,normal
2026-01-01 05:16:00,19,0,57.78,1244.44,user_17,Beer Sheva,10.0.0.51,normal
2026-01-01 14:20:00,10,3,76.87,1534.9,user_19,Tel Aviv,10.0.0.42,normal
2026-01-01 08:19:00,6,0,68.34,1186.12,user_20,Eilat,10.0.0.11,normal
2026-01-01 13:11:00,10,2,67.39,1597.43,user_02,Eilat,10.0.0.54,normal
2026-01-01 12:01:00,10,0,40.19,853.77,user_19,Tel Aviv,10.0.0.24,normal
2026-01-01 08:30:00,14,0,57.05,1138.58,user_03,Beer Sheva,10.0.0.18,normal
2026-01-01 07:05:00,12,1,65.76,499.56,user_03,Jerusalem,10.0.0.39,normal
2026-01-01 07:51:00,10,0,73.54,1332.18,user_04,Haifa,10.0.0.33,normal
2026-01-01 08:14:00,13,3,53.21,1294.07,user_09,Beer Sheva,10.0.0.28,normal
2026-01-01 01:16:00,6,1,47.41,1085.12,user_06,Tel Aviv,10.0.0.42,normal
2026-01-01 10:08:00,6,2,36.12,1353.07,user_11,Haifa,10.0.0.49,normal
2026-01-01 01:41:00,15,1,46.26,1302.37,user_16,Haifa,10.0.0.39,normal
2026-01-01 21:19:00,7,0,43.6,1266.76,user_11,Tel Aviv,10.0.0.16,normal
2026-01-01 23:06:00,11,1,66.53,1490.96,user_02,Beer Sheva,10.0.0.46,normal
2026-01-01 04:07:00,7,1,49.94,1366.6,user_03,Tel Aviv,10.0.0.32,normal
2026-01-01 20:27:00,10,0,31.08,1258.78,user_18,Tel Aviv,10.0.0.12,normal
2026-01-01 21:36:00,8,2,54.08,1140.86,user_07,Jerusalem,10.0.0.56,normal
2026-01-01 23:40:00,11,0,53.27,1078.95,user_07,Beer Sheva,10.0.0.45,normal
2026-01-01 00:00:00,14,2,50.5,1089.22,user_02,Tel Aviv,10.0.0.50,normal
2026-01-01 03:03:00,6,0,70.51,1666.5,user_23,Tel Aviv,10.0.0.48,normal
2026-01-01 02:42:00,10,1,65.71,939.28,user_25,Haifa,10.0.0.11,normal
2026-01-01 16:11:00,9,3,58.87,889.95,user_15,Jerusalem,10.0.0.38,normal
2026-01-01 12:43:00,9,1,65.77,1475.04,user_16,Tel Aviv,10.0.0.16,normal
2026-01-01 23:37:00,10,0,48.06,1038.28,user_24,Haifa,10.0.0.18,normal
2026-01-01 02:32:00,16,1,48.68,1120.72,user_19,Tel Aviv,10.0.0.23,normal
2026-01-01 23:55:00,11,3,75.94,1397.85,user_01,Tel Aviv,10.0.0.54,normal
2026-01-01 09:17:00,13,1,54.11,1260.99,user_09,Tel Aviv,10.0.0.43,normal
2026-01-01 01:07:00,11,0,71.57,1812.51,user_04,Haifa,10.0.0.31,normal
2026-01-01 18:52:00,9,1,51.69,978.95,user_04,Tel Aviv,10.0.0.41,normal
2026-01-01 20:51:00,11,4,43.51,1592.9,user_02,Jerusalem,10.0.0.23,normal
2026-01-01 19:37:00,9,3,57.09,1592.27,user_12,Haifa,10.0.0.58,normal
2026-01-01 09:42:00,11,0,41.19,1017.73,user_12,Tel Aviv,10.0.0.36,normal
2026-01-01 17:54:00,9,2,42.67,1357.83,user_20,Haifa,10.0.0.32,normal
2026-01-01 10:15:00,8,1,39.65,401.01,user_16,Tel Aviv,10.0.0.37,normal
2026-01-01 12:03:00,13,2,34.58,1237.83,user_25,Eilat,10.0.0.55,normal
2026-01-01 02:51:00,7,2,50.89,1678.27,user_09,Haifa,10.0.0.15,normal
2026-01-01 21:58:00,6,0,68.0,1533.8,user_15,Haifa,10.0.0.35,normal
2026-01-01 14:32:00,6,0,41.45,1352.69,user_15,Eilat,10.0.0.57,normal
2026-01-01 08:35:00,9,4,78.52,1616.41,user_10,Tel Aviv,10.0.0.42,normal
2026-01-01 14:26:00,9,1,69.54,624.03,user_02,Beer Sheva,10.0.0.21,normal
2026-01-01 06:45:00,11,1,64.16,1841.99,user_10,Tel Aviv,10.0.0.27,normal
2026-01-01 15:38:00,6,1,60.45,1021.0,user_18,Jerusalem,10.0.0.11,normal
2026-01-01 10:14:00,14,2,68.67,1269.77,user_08,Jerusalem,10.0.0.46,normal
2026-01-01 17:51:00,14,1,26.25,994.46,user_15,Haifa,10.0.0.33,normal
2026-01-01 22:19:00,10,2,50.11,1087.31,user_23,Haifa,10.0.0.19,normal
2026-01-01 06:56:00,15,1,52.43,1056.79,user_25,Tel Aviv,10.0.0.25,normal
2026-01-01 10:00:00,12,2,77.52,1432.76,user_13,Jerusalem,10.0.0.14,normal
2026-01-01 10:00:00,15,0,66.77,1023.84,user_06,Beer Sheva,10.0.0.58,normal
2026-01-01 09:00:00,14,2,39.57,1152.13,user_23,Beer Sheva,10.0.0.15,normal
2026-01-01 09:13:00,9,0,61.04,1040.48,user_13,Haifa,10.0.0.54,normal
2026-01-01 00:21:00,9,0,68.33,1156.08,user_06,Jerusalem,10.0.0.25,normal
2026-01-01 06:10:00,11,0,79.66,1258.79,user_14,Haifa,10.0.0.39,normal
2026-01-01 16:32:00,9,0,76.35,1251.06,user_15,Tel Aviv,10.0.0.52,normal
2026-01-01 20:58:00,13,0,63.25,1566.2,user_09,Jerusalem,10.0.0.29,normal
2026-01-01 17:17:00,12,3,78.42,1131.78,user_19,Jerusalem,10.0.0.11,normal
2026-01-01 13:41:00,0,12,4.68,181.78,user_08,Unknown,185.220.101.116,attack
2026-01-01 23:35:00,9,0,44.51,1299.33,user_18,Beer Sheva,10.0.0.37,normal
2026-01-01 03:43:00,16,1,48.31,1625.47,user_02,Beer Sheva,10.0.0.48,normal
2026-01-01 03:18:00,10,2,48.34,1307.6,user_21,Beer Sheva,10.0.0.23,normal
2026-01-01 10:40:00,5,1,62.29,1054.31,user_10,Tel Aviv,10.0.0.37,normal
2026-01-01 07:22:00,11,1,56.61,1004.47,user_19,Beer Sheva,10.0.0.49,normal
2026-01-01 08:18:00,14,3,57.42,1215.36,user_13,Jerusalem,10.0.0.17,normal
2026-01-01 16:59:00,10,0,46.39,1513.17,user_08,Tel Aviv,10.0.0.56,normal
2026-01-01 04:16:00,9,0,66.26,745.39,user_02,Haifa,10.0.0.20,normal
2026-01-01 07:50:00,8,0,57.05,936.34,user_04,Haifa,10.0.0.15,normal
2026-01-01 11:25:00,11,1,30.0,1116.4,user_06,Eilat,10.0.0.50,normal
2026-01-01 19:44:00,11,0,67.89,1431.25,user_01,Jerusalem,10.0.0.36,normal
2026-01-01 23:52:00,12,1,49.4,949.17,user_18,Eilat,10.0.0.16,normal
2026-01-01 22:06:00,10,1,53.52,1715.11,user_02,Jerusalem,10.0.0.59,normal
2026-01-01 23:59:00,5,3,39.07,955.71,user_15,Tel Aviv,10.0.0.40,normal
2026-01-01 10:30:00,13,0,49.04,1263.95,user_23,Jerusalem,10.0.0.45,normal
2026-01-01 11:24:00,7,1,58.32,1280.13,user_13,Jerusalem,10.0.0.32,normal
2026-01-01 04:59:00,11,1,68.64,1646.97,user_14,Eilat,10.0.0.14,normal
2026-01-01 05:15:00,9,1,44.48,1285.88,user_16,Tel Aviv,10.0.0.37,normal
2026-01-01 01:19:00,9,1,55.69,924.95,user_03,Beer Sheva,10.0.0.46,normal
2026-01-01 20:59:00,10,1,69.06,1410.37,user_10,Tel Aviv,10.0.0.20,normal
2026-01-01 14:21:00,11,1,50.43,1415.26,user_04,Jerusalem,10.0.0.19,normal
2026-01-01 18:36:00,10,1,59.06,1464.47,user_03,Jerusalem,10.0.0.59,normal
2026-01-01 05:59:00,12,2,59.82,914.28,user_18,Haifa,10.0.0.55,normal
2026-01-01 06:04:00,11,1,62.66,1657.48,user_11,Haifa,10.0.0.56,normal
2026-01-01 16:23:00,4,2,15.62,795.25,user_18,Haifa,10.0.0.10,normal
2026-01-01 23:32:00,3,12,6.17,87.43,user_04,Moscow,185.220.101.206,attack
2026-01-01 15:29:00,9,1,67.59,1181.42,user_02,Tel Aviv,10.0.0.38,normal
2026-01-01 20:36:00,9,3,86.15,1153.98,user_17,Tel Aviv,10.0.0.54,normal
2026-01-01 13:36:00,10,1,38.41,897.91,user_21,Tel Aviv,10.0.0.28,normal
2026-01-01 08:30:00,11,1,41.86,1224.52,user_21,Tel Aviv,10.0.0.39,normal
2026-01-01 07:56:00,6,1,74.64,1296.36,user_19,Eilat,10.0.0.25,normal
2026-01-01 14:00:00,5,0,61.7,1075.58,user_13,Jerusalem,10.0.0.19,normal
2026-01-01 21:35:00,9,0,69.42,748.27,user_09,Tel Aviv,10.0.0.18,normal
2026-01-01 03:48:00,9,0,35.82,1138.98,user_09,Jerusalem,10.0.0.23,normal
2026-01-01 18:09:00,9,1,80.07,1358.86,user_11,Eilat,10.0.0.49,normal
2026-01-01 08:28:00,10,3,43.15,1543.44,user_04,Beer Sheva,10.0.0.27,normal
2026-01-01 03:58:00,9,1,58.89,2050.47,user_19,Tel Aviv,10.0.0.51,normal
2026-01-01 09:14:00,10,3,70.03,1282.76,user_22,Beer Sheva,10.0.0.45,normal
2026-01-01 20:50:00,7,1,60.28,1282.77,user_09,Tel Aviv,10.0.0.53,normal
2026-01-01 21:42:00,7,1,80.15,1205.51,user_12,Jerusalem,10.0.0.25,normal
2026-01-01 02:41:00,6,0,62.88,1263.64,user_01,Tel Aviv,10.0.0.59,normal
2026-01-01 23:08:00,9,2,42.84,708.64,user_02,Jerusalem,10.0.0.46,normal
2026-01-01 18:02:00,7,1,40.82,1278.29,user_21,Tel Aviv,10.0.0.44,normal
2026-01-01 03:24:00,5,2,85.82,1009.14,user_01,Tel Aviv,10.0.0.29,normal
2026-01-01 03:26:00,13,0,87.15,1099.46,user_09,Tel Aviv,10.0.0.28,normal
2026-01-01 23:22:00,13,1,34.75,1707.04,user_01,Haifa,10.0.0.47,normal
2026-01-01 06:12:00,0,10,9.71,113.97,user_03,Moscow,185.220.101.82,attack
2026-01-01 22:06:00,15,0,34.09,965.09,user_06,Jerusalem,10.0.0.15,normal
2026-01-01 09:53:00,8,2,53.56,1451.56,user_18,Jerusalem,10.0.0.58,normal
2026-01-01 06:13:00,7,3,66.72,1220.24,user_24,Jerusalem,10.0.0.54,normal
2026-01-01 17:11:00,13,2,51.9,1287.52,user_11,Haifa,10.0.0.32,normal
2026-01-01 05:21:00,9,2,70.9,1314.38,user_07,Tel Aviv,10.0.0.41,normal
2026-01-01 23:22:00,7,0,48.23,1011.61,user_24,Beer Sheva,10.0.0.25,normal
2026-01-01 01:56:00,10,2,66.04,1117.31,user_01,Tel Aviv,10.0.0.59,normal
2026-01-01 00:32:00,16,0,33.21,1110.68,user_05,Jerusalem,10.0.0.26,normal
2026-01-01 00:08:00,13,0,43.28,1038.44,user_07,Tel Aviv,10.0.0.13,normal
2026-01-01 11:01:00,5,2,79.18,1004.47,user_22,Jerusalem,10.0.0.49,normal
2026-01-01 14:11:00,10,1,61.03,1515.05,user_21,Beer Sheva,10.0.0.39,normal
2026-01-01 15:12:00,13,2,34.48,1443.61,user_10,Haifa,10.0.0.36,normal
2026-01-01 22:24:00,9,0,49.38,1111.47,user_11,Haifa,10.0.0.25,normal
2026-01-01 02:59:00,16,1,41.28,1202.3,user_16,Eilat,10.0.0.38,normal
2026-01-01 21:54:00,7,1,69.74,1217.67,user_25,Haifa,10.0.0.53,normal
2026-01-01 02:28:00,9,2,69.64,1079.43,user_18,Beer Sheva,10.0.0.27,normal
2026-01-01 05:42:00,11,0,85.33,1249.31,user_05,Eilat,10.0.0.25,normal
2026-01-01 13:27:00,9,0,52.16,1032.14,user_25,Haifa,10.0.0.51,normal
2026-01-01 01:32:00,9,3,42.57,952.07,user_01,Eilat,10.0.0.37,normal
2026-01-01 17:16:00,11,0,24.66,1533.05,user_16,Eilat,10.0.0.41,normal
2026-01-01 08:19:00,13,0,64.99,1247.56,user_22,Tel Aviv,10.0.0.15,normal
2026-01-01 22:36:00,5,1,71.59,938.99,user_13,Tel Aviv,10.0.0.43,normal
2026-01-01 00:54:00,15,2,59.16,918.5,user_21,Beer Sheva,10.0.0.58,normal
2026-01-01 18:35:00,7,0,56.2,954.32,user_01,Jerusalem,10.0.0.52,normal
2026-01-01 10:49:00,5,0,41.65,847.28,user_24,Beer Sheva,10.0.0.59,normal
2026-01-01 12:42:00,7,1,61.26,1434.62,user_03,Beer Sheva,10.0.0.27,normal
2026-01-01 15:28:00,9,1,57.79,1320.22,user_25,Beer Sheva,10.0.0.12,normal
2026-01-01 19:50:00,8,1,74.49,1115.08,user_06,Tel Aviv,10.0.0.57,normal
2026-01-01 04:34:00,9,2,72.86,1717.66,user_05,Beer Sheva,10.0.0.33,normal
2026-01-01 09:40:00,16,1,45.21,1090.1,user_01,Beer Sheva,10.0.0.38,normal
2026-01-01 06:00:00,12,3,96.09,1136.16,user_10,Eilat,10.0.0.36,normal
2026-01-01 07:11:00,8,0,76.44,742.42,user_12,Beer Sheva,10.0.0.23,normal
2026-01-01 03:23:00,5,2,81.15,1275.87,user_21,Beer Sheva,10.0.0.18,normal
2026-01-01 03:55:00,9,1,62.9,1457.89,user_22,Beer Sheva,10.0.0.49,normal
2026-01-01 11:53:00,12,3,61.63,1399.21,user_14,Eilat,10.0.0.32,normal
2026-01-01 08:03:00,14,3,47.58,1302.6,user_20,Haifa,10.0.0.59,normal
2026-01-01 06:16:00,11,1,66.73,1230.28,user_23,Tel Aviv,10.0.0.59,normal
2026-01-01 17:25:00,18,0,33.81,638.86,user_04,Tel Aviv,10.0.0.37,normal
2026-01-01 22:46:00,11,1,69.06,1158.32,user_14,Tel Aviv,10.0.0.29,normal
2026-01-01 00:40:00,4,22,4.92,27.67,user_08,Unknown,185.220.101.174,attack
2026-01-01 00:54:00,8,1,76.32,1564.1,user_17,Tel Aviv,10.0.0.58,normal
2026-01-01 11:03:00,7,1,51.51,1084.96,user_04,Eilat,10.0.0.40,normal
2026-01-01 17:52:00,9,1,71.46,1514.48,user_21,Jerusalem,10.0.0.20,normal
2026-01-01 02:56:00,6,1,42.21,1341.05,user_05,Haifa,10.0.0.59,normal
2026-01-01 07:04:00,11,3,82.37,1513.48,user_14,Tel Aviv,10.0.0.17,normal
2026-01-01 04:49:00,11,1,55.06,1042.58,user_15,Haifa,10.0.0.48,normal
2026-01-01 09:06:00,9,0,22.94,1038.32,user_23,Jerusalem,10.0.0.23,normal
2026-01-01 08:58:00,12,4,67.8,966.92,user_19,Jerusalem,10.0.0.10,normal
2026-01-01 01:29:00,4,0,57.48,1135.03,user_17,Haifa,10.0.0.49,normal
2026-01-01 22:07:00,14,0,63.19,1311.19,user_07,Beer Sheva,10.0.0.27,normal
2026-01-01 21:54:00,11,1,58.47,1042.8,user_06,Jerusalem,10.0.0.42,normal
2026-01-01 04:12:00,13,1,36.27,1142.89,user_08,Tel Aviv,10.0.0.38,normal
2026-01-01 03:19:00,11,0,62.32,1059.06,user_07,Haifa,10.0.0.28,normal
2026-01-01 15:40:00,14,0,57.66,1322.72,user_24,Jerusalem,10.0.0.30,normal
2026-01-01 09:55:00,11,3,55.19,1747.62,user_04,Jerusalem,10.0.0.10,normal
2026-01-01 04:54:00,7,2,65.52,1054.17,user_21,Jerusalem,10.0.0.25,normal
2026-01-01 05:15:00,11,0,39.16,998.39,user_19,Tel Aviv,10.0.0.46,normal
2026-01-01 10:49:00,2,1,50.43,391.27,user_08,Haifa,10.0.0.27,normal
2026-01-01 10:30:00,7,1,58.56,1910.14,user_06,Haifa,10.0.0.41,normal
2026-01-01 03:00:00,10,2,32.53,854.74,user_15,Tel Aviv,10.0.0.57,normal
2026-01-01 07:57:00,9,0,70.88,1067.17,user_19,Jerusalem,10.0.0.25,normal
2026-01-01 21:24:00,4,0,38.89,795.78,user_19,Tel Aviv,10.0.0.21,normal
2026-01-01 02:11:00,8,0,71.31,1219.44,user_25,Tel Aviv,10.0.0.38,normal
2026-01-01 07:08:00,7,0,33.67,1475.99,user_20,Tel Aviv,10.0.0.50,normal
2026-01-01 07:34:00,11,0,92.39,1294.27,user_07,Jerusalem,10.0.0.31,normal
2026-01-01 16:12:00,12,0,72.68,1223.97,user_07,Haifa,10.0.0.13,normal
2026-01-01 03:35:00,11,1,49.7,931.13,user_04,Tel Aviv,10.0.0.46,normal
2026-01-01 18:22:00,12,0,54.1,640.38,user_18,Eilat,10.0.0.28,normal
2026-01-01 06:25:00,8,0,64.16,1218.33,user_21,Beer Sheva,10.0.0.24,normal
2026-01-01 01:00:00,7,0,42.79,747.91,user_08,Tel Aviv,10.0.0.42,normal
2026-01-01 02:07:00,9,0,78.41,1083.66,user_10,Tel Aviv,10.0.0.46,normal
2026-01-01 00:44:00,8,2,63.36,1405.79,user_22,Haifa,10.0.0.46,normal
2026-01-01 20:02:00,7,1,53.29,1120.88,user_17,Tel Aviv,10.0.0.12,normal
2026-01-01 05:09:00,14,1,64.63,1059.26,user_24,Tel Aviv,10.0.0.11,normal
2026-01-01 10:12:00,13,1,51.66,1130.37,user_11,Haifa,10.0.0.53,normal
2026-01-01 01:22:00,4,0,42.52,857.05,user_06,Tel Aviv,10.0.0.31,normal
2026-01-01 13:20:00,12,1,62.84,1365.02,user_24,Haifa,10.0.0.29,normal
2026-01-01 11:27:00,7,0,63.19,1681.11,user_16,Tel Aviv,10.0.0.48,normal
2026-01-01 21:57:00,16,1,39.28,1614.11,user_02,Jerusalem,10.0.0.49,normal
2026-01-01 05:01:00,10,1,61.05,1350.61,user_20,Jerusalem,10.0.0.14,normal
2026-01-01 13:29:00,11,0,75.05,939.29,user_08,Jerusalem,10.0.0.11,normal
2026-01-01 04:37:00,12,2,57.07,1533.15,user_03,Tel Aviv,10.0.0.18,normal
2026-01-01 14:48:00,10,2,76.35,1059.66,user_10,Haifa,10.0.0.54,normal
2026-01-01 12:43:00,6,2,77.65,1278.16,user_15,Beer Sheva,10.0.0.48,normal
2026-01-01 04:13:00,6,2,44.11,1224.88,user_17,Jerusalem,10.0.0.34,normal
2026-01-01 03:03:00,9,1,65.78,534.21,user_04,Tel Aviv,10.0.0.57,normal
2026-01-01 10:46:00,7,0,71.1,1289.09,user_11,Haifa,10.0.0.10,normal
2026-01-01 00:35:00,11,1,66.54,1386.21,user_14,Haifa,10.0.0.55,normal
2026-01-01 06:54:00,7,1,69.75,765.52,user_12,Tel Aviv,10.0.0.40,normal
2026-01-01 09:59:00,10,1,63.58,1266.68,user_17,Jerusalem,10.0.0.26,normal
2026-01-01 15:58:00,8,0,35.47,1062.45,user_02,Tel Aviv,10.0.0.59,normal
2026-01-01 05:03:00,12,2,35.18,1137.74,user_06,Haifa,10.0.0.39,normal
2026-01-01 06:43:00,9,2,60.77,1394.88,user_13,Eilat,10.0.0.41,normal
2026-01-01 16:54:00,11,3,26.72,1211.3,user_11,Tel Aviv,10.0.0.22,normal
2026-01-01 04:54:00,8,1,40.28,966.15,user_04,Jerusalem,10.0.0.32,normal
2026-01-01 06:17:00,8,1,55.19,1262.51,user_08,Eilat,10.0.0.20,normal
2026-01-01 14:15:00,15,3,63.78,1267.5,user_20,Tel Aviv,10.0.0.25,normal
2026-01-01 03:23:00,23,20,4.61,144.74,user_01,Moscow,185.220.101.140,attack
2026-01-01 08:03:00,14,1,34.28,934.73,user_03,Haifa,10.0.0.11,normal
2026-01-01 21:55:00,6,1,61.15,1278.19,user_10,Tel Aviv,10.0.0.29,normal
2026-01-01 17:12:00,8,1,46.5,1023.52,user_22,Jerusalem,10.0.0.56,normal
2026-01-01 08:23:00,9,0,56.78,1020.51,user_05,Beer Sheva,10.0.0.54,normal
2026-01-01 12:06:00,8,3,39.62,939.14,user_17,Tel Aviv,10.0.0.45,normal
2026-01-01 13:12:00,10,0,54.24,1491.87,user_25,Beer Sheva,10.0.0.36,normal
2026-01-01 01:52:00,9,6,66.65,1021.84,user_08,Tel Aviv,10.0.0.24,normal
2026-01-01 05:39:00,7,0,67.95,1317.28,user_03,Tel Aviv,10.0.0.42,normal
2026-01-01 22:07:00,13,2,48.29,990.92,user_17,Haifa,10.0.0.15,normal
2026-01-01 07:23:00,4,3,40.28,904.23,user_25,Eilat,10.0.0.58,normal
2026-01-01 11:52:00,12,1,70.05,1267.0,user_21,Tel Aviv,10.0.0.18,normal
2026-01-01 02:32:00,10,1,27.21,1942.94,user_12,Jerusalem,10.0.0.24,normal
2026-01-01 05:49:00,9,2,48.91,1501.07,user_21,Jerusalem,10.0.0.28,normal
2026-01-01 18:24:00,5,0,45.02,1159.1,user_15,Haifa,10.0.0.59,normal
2026-01-01 17:49:00,7,2,56.94,920.39,user_17,Jerusalem,10.0.0.51,normal
2026-01-01 07:04:00,10,0,50.26,1154.82,user_20,Tel Aviv,10.0.0.10,normal
2026-01-01 05:15:00,6,1,58.85,1157.03,user_07,Tel Aviv,10.0.0.16,normal
2026-01-01 23:36:00,11,2,50.3,1036.9,user_05,Tel Aviv,10.0.0.27,normal
2026-01-01 17:50:00,9,0,50.65,949.72,user_23,Tel Aviv,10.0.0.29,normal
2026-01-01 00:26:00,2,15,8.01,124.61,user_05,Eilat,185.220.101.185,attack
2026-01-01 15:30:00,10,0,34.84,1265.08,user_17,Tel Aviv,10.0.0.53,normal
2026-01-01 10:54:00,9,0,38.15,818.87,user_13,Jerusalem,10.0.0.26,normal
2026-01-01 09:37:00,12,3,58.39,1291.64,user_08,Beer Sheva,10.0.0.17,normal
2026-01-01 11:31:00,12,0,62.74,1640.0,user_03,Haifa,10.0.0.13,normal
2026-01-01 20:43:00,15,1,74.83,1189.1,user_17,Tel Aviv,10.0.0.17,normal
2026-01-01 06:51:00,14,1,45.45,1335.98,user_25,Beer Sheva,10.0.0.23,normal
2026-01-01 01:15:00,10,0,30.73,1314.75,user_14,Jerusalem,10.0.0.28,normal
2026-01-01 12:18:00,6,2,78.79,928.45,user_22,Tel Aviv,10.0.0.36,normal
2026-01-01 22:16:00,10,3,56.21,1006.79,user_22,Haifa,10.0.0.11,normal
2026-01-01 14:00:00,9,0,69.68,838.47,user_19,Jerusalem,10.0.0.12,normal
2026-01-01 14:41:00,7,0,70.72,1174.41,user_02,Tel Aviv,10.0.0.20,normal
2026-01-01 16:06:00,10,1,68.09,1026.22,user_19,Jerusalem,10.0.0.28,normal
2026-01-01 07:02:00,11,0,30.58,1986.18,user_23,Tel Aviv,10.0.0.27,normal
2026-01-01 07:27:00,8,1,63.87,857.93,user_11,Jerusalem,10.0.0.41,normal
2026-01-01 00:59:00,13,1,60.63,1246.58,user_13,Eilat,10.0.0.16,normal
2026-01-01 00:56:00,10,0,58.23,1178.91,user_08,Beer Sheva,10.0.0.58,normal
2026-01-01 05:11:00,18,1,48.05,1123.9,user_04,Jerusalem,10.0.0.16,normal
2026-01-01 19:17:00,14,3,41.08,1073.95,user_23,Tel Aviv,10.0.0.40,normal
2026-01-01 23:05:00,13,2,71.43,850.5,user_13,Tel Aviv,10.0.0.28,normal
2026-01-01 02:33:00,15,0,39.76,1488.0,user_20,Jerusalem,10.0.0.29,normal
2026-01-01 17:33:00,11,1,59.86,1373.23,user_14,Jerusalem,10.0.0.50,normal
2026-01-01 10:49:00,9,2,38.87,1344.01,user_08,Eilat,10.0.0.27,normal
2026-01-01 03:29:00,9,2,79.72,1033.34,user_14,Jerusalem,10.0.0.56,normal
2026-01-01 08:34:00,7,1,79.41,1257.04,user_09,Beer Sheva,10.0.0.22,normal
2026-01-01 11:39:00,12,1,64.41,1473.63,user_04,Jerusalem,10.0.0.42,normal
2026-01-01 21:13:00,8,2,85.49,1230.71,user_02,Tel Aviv,10.0.0.46,normal
2026-01-01 14:44:00,8,0,57.56,824.7,user_01,Tel Aviv,10.0.0.13,normal
2026-01-01 22:21:00,13,4,72.55,1265.64,user_01,Tel Aviv,10.0.0.42,normal
2026-01-01 14:17:00,7,1,67.76,987.04,user_24,Jerusalem,10.0.0.53,normal
2026-01-01 02:39:00,13,1,26.71,1057.96,user_12,Jerusalem,10.0.0.19,normal
2026-01-01 00:04:00,8,1,56.28,682.82,user_10,Haifa,10.0.0.48,normal
2026-01-01 03:43:00,9,0,52.34,1325.42,user_17,Haifa,10.0.0.34,normal
2026-01-01 02:58:00,6,4,37.29,1005.99,user_04,Beer Sheva,10.0.0.52,normal
2026-01-01 11:44:00,12,0,36.6,915.2,user_03,Tel Aviv,10.0.0.28,normal
2026-01-01 07:20:00,10,2,66.46,1226.04,user_18,Tel Aviv,10.0.0.10,normal
2026-01-01 13:18:00,11,5,76.05,1164.86,user_14,Beer Sheva,10.0.0.19,normal
2026-01-01 04:36:00,16,1,46.77,1751.64,user_07,Haifa,10.0.0.16,normal
2026-01-01 11:30:00,5,3,60.27,1292.8,user_15,Haifa,10.0.0.37,normal
2026-01-01 10:52:00,11,1,33.49,1066.62,user_20,Tel Aviv,10.0.0.56,normal
2026-01-01 15:09:00,13,1,53.93,943.39,user_06,Beer Sheva,10.0.0.36,normal
2026-01-01 15:19:00,13,1,74.65,1039.59,user_15,Tel Aviv,10.0.0.21,normal
2026-01-01 23:43:00,7,2,48.68,1244.37,user_03,Tel Aviv,10.0.0.40,normal
2026-01-01 23:40:00,13,0,32.98,957.36,user_19,Jerusalem,10.0.0.53,normal
2026-01-01 15:28:00,13,2,31.28,1186.18,user_25,Tel Aviv,10.0.0.29,normal
2026-01-01 08:14:00,12,3,45.23,1526.34,user_25,Beer Sheva,10.0.0.57,normal
2026-01-01 22:17:00,6,2,22.07,1247.42,user_21,Jerusalem,10.0.0.36,normal
2026-01-01 14:57:00,9,2,75.76,930.97,user_08,Haifa,10.0.0.39,normal
2026-01-01 14:54:00,15,2,70.99,1453.41,user_11,Haifa,10.0.0.26,normal
2026-01-01 03:51:00,8,4,31.22,1407.21,user_05,Haifa,10.0.0.17,normal
2026-01-01 04:19:00,9,1,70.96,1021.74,user_25,Jerusalem,10.0.0.43,normal
2026-01-01 03:55:00,10,0,62.37,1226.34,user_23,Eilat,10.0.0.47,normal
2026-01-01 09:52:00,8,1,32.26,1387.79,user_21,Beer Sheva,10.0.0.48,normal
2026-01-01 12:19:00,10,1,48.34,1129.62,user_20,Eilat,10.0.0.46,normal
2026-01-01 14:33:00,0,1,66.33,1330.12,user_03,Beer Sheva,10.0.0.35,normal
2026-01-01 23:23:00,10,2,52.57,1132.03,user_19,Beer Sheva,10.0.0.27,normal
2026-01-01 09:57:00,14,0,63.72,912.29,user_24,Tel Aviv,10.0.0.37,normal
2026-01-01 17:30:00,11,0,50.25,1359.81,user_12,Tel Aviv,10.0.0.19,normal
2026-01-01 17:21:00,8,1,63.53,1572.18,user_22,Jerusalem,10.0.0.13,normal
2026-01-01 09:58:00,6,1,60.09,1293.52,user_18,Jerusalem,10.0.0.20,normal
2026-01-01 18:28:00,9,0,45.62,1008.83,user_09,Jerusalem,10.0.0.26,normal
2026-01-01 15:37:00,7,1,52.45,948.63,user_15,Tel Aviv,10.0.0.40,normal
2026-01-01 00:45:00,12,0,75.25,995.38,user_16,Tel Aviv,10.0.0.13,normal
2026-01-01 14:34:00,13,2,30.92,1571.37,user_17,Jerusalem,10.0.0.10,normal
2026-01-01 14:36:00,16,1,62.89,974.62,user_03,Haifa,10.0.0.40,normal
2026-01-01 14:28:00,7,3,55.62,1460.83,user_15,Tel Aviv,10.0.0.34,normal
2026-01-01 15:17:00,8,0,55.84,1192.54,user_08,Jerusalem,10.0.0.49,normal
2026-01-01 07:06:00,7,2,62.06,1487.86,user_23,Jerusalem,10.0.0.48,normal
2026-01-01 21:09:00,10,0,53.26,921.56,user_20,Beer Sheva,10.0.0.31,normal
2026-01-01 00:32:00,9,1,57.99,1160.7,user_15,Jerusalem,10.0.0.23,normal
2026-01-01 05:37:00,13,2,65.03,1345.28,user_16,Tel Aviv,10.0.0.24,normal
2026-01-01 07:40:00,13,3,43.89,1025.5,user_17,Jerusalem,10.0.0.51,normal
2026-01-01 17:39:00,7,0,64.68,1420.61,user_12,Tel Aviv,10.0.0.58,normal
2026-01-01 13:47:00,11,2,28.2,1187.58,user_15,Jerusalem,10.0.0.46,normal
2026-01-01 12:58:00,17,0,56.34,1830.93,user_22,Tel Aviv,10.0.0.14,normal
2026-01-01 18:15:00,10,0,68.65,1202.66,user_25,Beer Sheva,10.0.0.29,normal
2026-01-01 15:10:00,9,1,26.56,1205.03,user_16,Haifa,10.0.0.12,normal
2026-01-01 03:32:00,12,2,35.17,1239.39,user_08,Haifa,10.0.0.31,normal
2026-01-01 23:26:00,9,0,66.23,741.2,user_02,Jerusalem,10.0.0.26,normal
2026-01-01 17:27:00,10,0,59.02,1430.28,user_12,Jerusalem,10.0.0.37,normal
2026-01-01 07:01:00,11,0,63.31,1679.47,user_02,Tel Aviv,10.0.0.56,normal
2026-01-01 22:08:00,3,0,62.84,1031.23,user_16,Jerusalem,10.0.0.36,normal
2026-01-01 17:19:00,3,1,43.52,1601.93,user_18,Haifa,10.0.0.34,normal
2026-01-01 10:24:00,11,1,52.07,1334.42,user_16,Eilat,10.0.0.56,normal
2026-01-01 08:16:00,10,1,48.38,1101.65,user_23,Haifa,10.0.0.52,normal
2026-01-01 08:01:00,7,0,94.4,1681.74,user_14,Jerusalem,10.0.0.13,normal
2026-01-01 16:40:00,7,1,53.32,1357.44,user_18,Tel Aviv,10.0.0.44,normal
2026-01-01 13:16:00,12,2,56.37,780.23,user_24,Beer Sheva,10.0.0.27,normal
2026-01-01 03:30:00,9,0,60.35,1284.1,user_08,Jerusalem,10.0.0.53,normal
2026-01-01 14:43:00,7,1,66.58,949.76,user_18,Eilat,10.0.0.51,normal
2026-01-01 06:09:00,12,3,54.65,1316.56,user_09,Haifa,10.0.0.45,normal
2026-01-01 18:28:00,9,0,45.88,926.28,user_05,Tel Aviv,10.0.0.31,normal
2026-01-01 01:00:00,11,2,56.98,753.78,user_06,Haifa,10.0.0.47,normal
2026-01-01 23:45:00,12,1,64.38,1419.42,user_06,Tel Aviv,10.0.0.22,normal
2026-01-01 20:27:00,10,0,44.3,1323.45,user_09,Tel Aviv,10.0.0.42,normal
2026-01-01 05:40:00,11,1,62.07,1223.74,user_13,Haifa,10.0.0.29,normal
2026-01-01 02:38:00,15,4,55.84,1222.49,user_02,Jerusalem,10.0.0.29,normal
2026-01-01 13:48:00,12,2,31.43,1303.77,user_05,Tel Aviv,10.0.0.27,normal
2026-01-01 12:27:00,13,1,50.26,1218.35,user_04,Tel Aviv,10.0.0.48,normal
2026-01-01 05:12:00,11,1,65.15,1101.04,user_10,Haifa,10.0.0.36,normal
2026-01-01 23:49:00,15,0,45.29,1253.13,user_07,Jerusalem,10.0.0.59,normal
2026-01-01 02:25:00,13,0,59.79,1032.63,user_12,Tel Aviv,10.0.0.18,normal
2026-01-01 15:26:00,9,2,40.99,1079.97,user_08,Tel Aviv,10.0.0.17,normal
2026-01-01 01:45:00,10,2,49.34,722.51,user_22,Jerusalem,10.0.0.36,normal
2026-01-01 22:00:00,6,1,66.69,891.91,user_16,Haifa,10.0.0.19,normal
2026-01-01 18:17:00,15,0,46.64,1078.63,user_24,Haifa,10.0.0.19,normal
2026-01-01 23:38:00,7,1,65.64,1126.33,user_18,Jerusalem,10.0.0.39,normal
2026-01-01 22:27:00,5,1,39.87,1166.1,user_13,Jerusalem,10.0.0.59,normal
2026-01-01 23:20:00,8,0,54.36,571.16,user_22,Tel Aviv,10.0.0.11,normal
2026-01-01 09:09:00,6,1,36.29,1101.09,user_12,Tel Aviv,10.0.0.40,normal
2026-01-01 15:02:00,3,1,36.16,718.27,user_17,Haifa,10.0.0.46,normal
2026-01-01 07:11:00,7,1,52.7,1412.61,user_12,Haifa,10.0.0.33,normal
2026-01-01 20:33:00,10,2,49.89,1394.07,user_10,Tel Aviv,10.0.0.52,normal
2026-01-01 07:44:00,13,0,67.53,1462.62,user_11,Tel Aviv,10.0.0.27,normal
2026-01-01 11:23:00,11,3,90.4,1273.69,user_22,Tel Aviv,10.0.0.50,normal
2026-01-01 10:41:00,14,1,47.55,1199.04,user_21,Jerusalem,10.0.0.20,normal
2026-01-01 07:14:00,14,2,28.58,1054.48,user_05,Haifa,10.0.0.42,normal
2026-01-01 08:27:00,11,0,51.17,1148.1,user_24,Haifa,10.0.0.54,normal
2026-01-01 15:05:00,13,3,76.47,1245.45,user_01,Tel Aviv,10.0.0.27,normal
2026-01-01 11:36:00,10,1,41.37,1000.7,user_18,Haifa,10.0.0.38,normal
2026-01-01 11:14:00,7,2,61.41,1406.76,user_23,Haifa,10.0.0.17,normal
2026-01-01 07:56:00,11,1,65.31,997.69,user_05,Jerusalem,10.0.0.34,normal
2026-01-01 06:38:00,6,0,43.35,1041.63,user_15,Haifa,10.0.0.17,normal
2026-01-01 23:33:00,10,1,58.33,1039.31,user_22,Haifa,10.0.0.23,normal
2026-01-01 02:12:00,13,2,64.49,1109.37,user_05,Jerusalem,10.0.0.54,normal
2026-01-01 18:04:00,10,1,56.53,1286.62,user_09,Haifa,10.0.0.56,normal
2026-01-01 20:41:00,11,1,37.93,1242.03,user_16,Haifa,10.0.0.30,normal
2026-01-01 10:37:00,8,2,19.9,848.53,user_10,Jerusalem,10.0.0.27,normal
2026-01-01 02:19:00,8,2,52.43,1385.9,user_08,Tel Aviv,10.0.0.56,normal
2026-01-01 14:07:00,7,0,76.4,989.63,user_18,Tel Aviv,10.0.0.22,normal
2026-01-01 12:00:00,9,3,61.19,1531.88,user_16,Jerusalem,10.0.0.23,normal
2026-01-01 03:12:00,12,1,71.36,1664.09,user_20,Tel Aviv,10.0.0.20,normal
2026-01-01 10:42:00,8,2,35.25,1273.65,user_25,Jerusalem,10.0.0.40,normal
2026-01-01 22:38:00,9,1,50.41,831.58,user_04,Jerusalem,10.0.0.59,normal
2026-01-01 06:45:00,8,0,91.69,1109.32,user_04,Haifa,10.0.0.24,normal
2026-01-01 06:50:00,14,0,69.62,1482.44,user_19,Haifa,10.0.0.54,normal
2026-01-01 12:11:00,12,3,59.31,1343.51,user_25,Eilat,10.0.0.58,normal
2026-01-01 17:08:00,23,21,1.97,59.21,user_06,Unknown,185.220.101.47,attack
2026-01-01 01:32:00,10,0,52.02,996.9,user_06,Tel Aviv,10.0.0.50,normal
2026-01-01 00:05:00,15,2,45.71,1718.55,user_06,Haifa,10.0.0.54,normal
2026-01-01 01:14:00,12,1,43.57,1782.1,user_22,Tel Aviv,10.0.0.21,normal
2026-01-01 02:37:00,3,2,44.7,1038.54,user_14,Tel Aviv,10.0.0.12,normal
2026-01-01 19:30:00,13,0,73.57,1142.91,user_12,Jerusalem,10.0.0.32,normal
2026-01-01 07:51:00,11,0,65.89,1458.69,user_22,Tel Aviv,10.0.0.11,normal
2026-01-01 00:25:00,9,1,42.48,1116.55,user_14,Tel Aviv,10.0.0.26,normal
2026-01-01 01:11:00,9,2,47.49,1153.42,user_16,Jerusalem,10.0.0.15,normal
2026-01-01 22:45:00,11,0,97.22,1178.6,user_09,Beer Sheva,10.0.0.11,normal
2026-01-01 19:29:00,13,0,47.89,1240.25,user_07,Haifa,10.0.0.22,normal
2026-01-01 20:19:00,2,10,6.24,130.3,user_08,Unknown,185.220.101.189,attack
2026-01-01 14:43:00,9,1,25.39,907.77,user_19,Tel Aviv,10.0.0.35,normal
2026-01-01 23:47:00,16,0,54.43,811.53,user_22,Beer Sheva,10.0.0.32,normal
2026-01-01 05:55:00,8,0,55.61,1482.26,user_19,Jerusalem,10.0.0.51,normal
2026-01-01 10:30:00,7,0,71.14,947.85,user_09,Haifa,10.0.0.38,normal
2026-01-01 19:45:00,8,1,69.52,1108.19,user_08,Beer Sheva,10.0.0.31,normal
2026-01-01 21:32:00,8,0,39.29,974.43,user_06,Jerusalem,10.0.0.34,normal
2026-01-01 22:20:00,9,1,39.39,1155.32,user_25,Jerusalem,10.0.0.29,normal
2026-01-01 04:55:00,13,2,30.91,1084.72,user_08,Beer Sheva,10.0.0.44,normal
2026-01-01 22:29:00,12,1,60.36,1647.94,user_22,Eilat,10.0.0.35,normal
2026-01-01 00:57:00,11,2,51.44,987.58,user_18,Beer Sheva,10.0.0.29,normal
2026-01-01 19:03:00,12,2,51.53,1397.12,user_20,Tel Aviv,10.0.0.12,normal
2026-01-01 10:50:00,9,2,32.17,1036.64,user_05,Haifa,10.0.0.18,normal
2026-01-01 04:11:00,10,2,63.85,1179.62,user_21,Jerusalem,10.0.0.39,normal
2026-01-01 02:37:00,11,0,42.34,1303.28,user_21,Beer Sheva,10.0.0.17,normal
2026-01-01 01:30:00,11,2,54.25,1208.21,user_04,Tel Aviv,10.0.0.42,normal
2026-01-01 10:56:00,10,1,25.92,1345.14,user_15,Beer Sheva,10.0.0.31,normal
2026-01-01 02:54:00,14,2,52.47,1189.0,user_14,Haifa,10.0.0.31,normal
2026-01-01 15:48:00,7,4,72.23,1496.73,user_16,Haifa,10.0.0.31,normal
2026-01-01 20:26:00,13,0,51.35,1256.08,user_17,Haifa,10.0.0.46,normal
2026-01-01 18:50:00,9,1,66.89,758.62,user_18,Tel Aviv,10.0.0.53,normal
2026-01-01 05:29:00,13,0,73.74,1285.13,user_16,Haifa,10.0.0.23,normal
2026-01-01 09:14:00,6,2,52.52,1407.72,user_25,Haifa,10.0.0.27,normal
2026-01-01 00:17:00,12,0,85.96,919.79,user_20,Tel Aviv,10.0.0.38,normal
2026-01-01 18:01:00,12,1,43.86,1436.23,user_23,Tel Aviv,10.0.0.50,normal
2026-01-01 17:33:00,5,0,55.98,1265.08,user_19,Beer Sheva,10.0.0.52,normal
2026-01-01 12:13:00,8,2,41.24,739.49,user_16,Tel Aviv,10.0.0.37,normal
2026-01-01 19:48:00,9,1,55.06,1161.17,user_15,Tel Aviv,10.0.0.28,normal
2026-01-01 08:44:00,9,2,47.62,798.95,user_18,Haifa,10.0.0.31,normal
2026-01-01 21:39:00,12,0,59.92,1393.08,user_15,Beer Sheva,10.0.0.41,normal
2026-01-01 05:00:00,10,1,49.44,1519.62,user_03,Haifa,10.0.0.16,normal
2026-01-01 00:28:00,9,0,54.42,1330.21,user_08,Haifa,10.0.0.30,normal
2026-01-01 21:39:00,10,1,80.31,811.13,user_20,Haifa,10.0.0.36,normal
2026-01-01 06:34:00,13,0,51.3,1359.39,user_04,Tel Aviv,10.0.0.14,normal
2026-01-01 15:12:00,13,2,50.74,1295.43,user_22,Jerusalem,10.0.0.35,normal
2026-01-01 20:01:00,14,0,56.61,1208.1,user_07,Haifa,10.0.0.18,normal
2026-01-01 05:47:00,10,2,47.72,1026.23,user_08,Tel Aviv,10.0.0.59,normal
2026-01-01 02:26:00,9,2,45.33,1569.21,user_07,Tel Aviv,10.0.0.48,normal
2026-01-01 10:00:00,11,1,55.97,1677.59,user_25,Jerusalem,10.0.0.12,normal
2026-01-01 15:01:00,13,2,79.64,903.82,user_23,Tel Aviv,10.0.0.55,normal
2026-01-01 03:29:00,6,1,46.43,566.03,user_16,Beer Sheva,10.0.0.20,normal
2026-01-01 04:11:00,7,1,49.86,1299.93,user_06,Tel Aviv,10.0.0.25,normal
2026-01-01 18:19:00,11,0,68.9,1197.99,user_02,Tel Aviv,10.0.0.18,normal
2026-01-01 18:24:00,9,1,54.01,1650.17,user_19,Jerusalem,10.0.0.47,normal
2026-01-01 22:19:00,7,0,35.64,1631.31,user_08,Haifa,10.0.0.16,normal
2026-01-01 18:36:00,10,1,35.15,937.91,user_04,Beer Sheva,10.0.0.59,normal
2026-01-01 18:42:00,9,0,75.72,1346.82,user_04,Beer Sheva,10.0.0.26,normal
2026-01-01 19:53:00,4,1,67.93,1425.86,user_05,Haifa,10.0.0.55,normal
2026-01-01 03:29:00,15,1,33.15,937.62,user_04,Haifa,10.0.0.38,normal
2026-01-01 09:52:00,5,0,49.1,1404.64,user_02,Jerusalem,10.0.0.29,normal
2026-01-01 00:58:00,6,3,60.22,888.16,user_03,Jerusalem,10.0.0.42,normal
2026-01-01 22:16:00,16,3,37.14,1523.14,user_23,Tel Aviv,10.0.0.18,normal
2026-01-01 06:07:00,10,0,26.92,1009.12,user_13,Haifa,10.0.0.42,normal
2026-01-01 04:39:00,11,1,45.88,1004.82,user_25,Haifa,10.0.0.19,normal
2026-01-01 07:56:00,8,2,60.58,1177.06,user_03,Haifa,10.0.0.23,normal
2026-01-01 17:29:00,19,0,48.27,1208.89,user_25,Eilat,10.0.0.27,normal
2026-01-01 04:50:00,9,1,72.87,1106.49,user_16,Beer Sheva,10.0.0.16,normal
2026-01-01 08:42:00,11,1,79.96,1363.96,user_10,Tel Aviv,10.0.0.10,normal
2026-01-01 07:49:00,2,1,58.85,793.07,user_04,Tel Aviv,10.0.0.17,normal
2026-01-01 11:30:00,17,0,47.13,1077.56,user_18,Beer Sheva,10.0.0.35,normal
2026-01-01 03:22:00,8,1,63.76,1427.67,user_01,Jerusalem,10.0.0.49,normal
2026-01-01 05:33:00,10,0,48.37,1771.7,user_11,Tel Aviv,10.0.0.32,normal
2026-01-01 12:08:00,6,1,37.99,985.6,user_18,Haifa,10.0.0.57,normal
2026-01-01 20:21:00,11,1,64.68,1367.48,user_03,Beer Sheva,10.0.0.34,normal
2026-01-01 14:23:00,10,2,65.55,858.09,user_01,Beer Sheva,10.0.0.32,normal
2026-01-01 19:48:00,3,0,32.84,1223.12,user_11,Beer Sheva,10.0.0.56,normal
2026-01-01 00:35:00,7,1,37.57,985.73,user_11,Tel Aviv,10.0.0.29,normal
2026-01-01 16:42:00,10,1,74.93,520.83,user_16,Tel Aviv,10.0.0.47,normal
2026-01-01 21:00:00,14,0,47.58,855.66,user_23,Tel Aviv,10.0.0.21,normal
2026-01-01 03:30:00,9,1,61.72,926.89,user_20,Jerusalem,10.0.0.55,normal
2026-01-01 10:45:00,7,0,83.88,1553.13,user_25,Beer Sheva,10.0.0.35,normal
2026-01-01 20:52:00,6,1,29.1,1046.63,user_13,Haifa,10.0.0.25,normal
2026-01-01 16:28:00,9,0,74.01,1348.74,user_13,Tel Aviv,10.0.0.10,normal
2026-01-01 03:09:00,10,1,47.86,913.44,user_13,Eilat,10.0.0.33,normal
2026-01-01 06:54:00,11,1,58.12,1174.2,user_11,Jerusalem,10.0.0.57,normal
2026-01-01 00:26:00,8,1,72.03,1636.17,user_09,Haifa,10.0.0.33,normal
2026-01-01 15:43:00,2,20,6.44,76.13,user_05,Eilat,185.220.101.130,attack
2026-01-01 16:09:00,7,1,51.53,1127.62,user_16,Tel Aviv,10.0.0.48,normal
2026-01-01 19:27:00,15,0,51.34,1176.52,user_24,Beer Sheva,10.0.0.11,normal
2026-01-01 22:50:00,12,2,58.05,1246.51,user_21,Beer Sheva,10.0.0.27,normal
2026-01-01 19:39:00,5,1,26.53,1622.13,user_20,Tel Aviv,10.0.0.26,normal
2026-01-01 19:52:00,11,0,61.72,1313.8,user_14,Haifa,10.0.0.23,normal
2026-01-01 08:22:00,5,0,54.87,1425.11,user_25,Tel Aviv,10.0.0.14,normal
2026-01-01 06:37:00,12,0,90.85,1642.21,user_17,Tel Aviv,10.0.0.40,normal
2026-01-01 07:55:00,12,1,40.52,1083.55,user_19,Jerusalem,10.0.0.32,normal
2026-01-01 08:15:00,11,0,50.43,843.01,user_11,Haifa,10.0.0.19,normal
2026-01-01 22:23:00,11,1,55.2,1120.04,user_09,Haifa,10.0.0.58,normal
2026-01-01 20:34:00,8,1,52.44,1571.74,user_22,Beer Sheva,10.0.0.14,normal
2026-01-01 00:06:00,8,2,64.71,790.8,user_25,Eilat,10.0.0.26,normal
2026-01-01 21:30:00,11,1,58.59,945.92,user_07,Tel Aviv,10.0.0.42,normal
2026-01-01 06:01:00,9,2,55.28,1255.15,user_16,Beer Sheva,10.0.0.55,normal
2026-01-01 15:14:00,10,0,48.88,1512.11,user_13,Jerusalem,10.0.0.18,normal
2026-01-01 01:51:00,12,2,34.94,873.18,user_22,Tel Aviv,10.0.0.11,normal
2026-01-01 09:02:00,7,1,44.91,1274.72,user_17,Tel Aviv,10.0.0.27,normal
2026-01-01 08:09:00,9,0,58.44,1030.46,user_12,Jerusalem,10.0.0.29,normal
2026-01-01 22:00:00,12,2,62.4,776.46,user_24,Beer Sheva,10.0.0.57,normal
2026-01-01 23:34:00,10,1,54.23,1162.01,user_16,Tel Aviv,10.0.0.45,normal
2026-01-01 18:47:00,9,1,60.71,1061.35,user_10,Jerusalem,10.0.0.45,normal
2026-01-01 15:46:00,13,2,27.13,1077.17,user_07,Jerusalem,10.0.0.14,normal
2026-01-01 05:27:00,11,0,34.69,917.25,user_14,Jerusalem,10.0.0.52,normal
2026-01-01 08:10:00,7,1,29.26,1188.77,user_25,Tel Aviv,10.0.0.38,normal
2026-01-01 17:39:00,12,1,48.56,1429.04,user_14,Tel Aviv,10.0.0.27,normal
2026-01-01 02:06:00,10,3,44.53,1279.39,user_20,Haifa,10.0.0.39,normal
2026-01-01 15:37:00,10,1,50.81,1105.72,user_01,Beer Sheva,10.0.0.20,normal
2026-01-01 03:29:00,11,0,39.15,888.26,user_20,Jerusalem,10.0.0.31,normal
2026-01-01 01:31:00,11,1,40.96,1041.7,user_17,Tel Aviv,10.0.0.14,normal
2026-01-01 10:26:00,15,3,42.43,1248.66,user_07,Haifa,10.0.0.28,normal
2026-01-01 09:25:00,9,3,55.14,1184.72,user_18,Tel Aviv,10.0.0.17,normal
2026-01-01 18:02:00,6,2,35.77,1293.2,user_18,Tel Aviv,10.0.0.50,normal
2026-01-01 15:55:00,9,1,56.02,1273.11,user_02,Jerusalem,10.0.0.38,normal
2026-01-01 22:39:00,9,3,49.38,970.45,user_22,Jerusalem,10.0.0.59,normal
2026-01-01 16:21:00,9,0,37.73,1099.52,user_10,Tel Aviv,10.0.0.46,normal
2026-01-01 06:47:00,3,0,44.09,813.11,user_12,Jerusalem,10.0.0.16,normal
2026-01-01 19:12:00,6,0,44.95,1028.53,user_20,Tel Aviv,10.0.0.36,normal
2026-01-01 07:03:00,7,0,89.97,1134.0,user_24,Beer Sheva,10.0.0.10,normal
2026-01-01 19:10:00,15,5,62.27,1014.33,user_11,Tel Aviv,10.0.0.11,normal
2026-01-01 03:50:00,12,1,31.19,486.14,user_22,Jerusalem,10.0.0.18,normal
2026-01-01 17:50:00,11,1,61.43,1192.48,user_02,Beer Sheva,10.0.0.11,normal
2026-01-01 11:22:00,11,3,63.2,2098.05,user_20,Jerusalem,10.0.0.43,normal
2026-01-01 00:12:00,4,12,5.69,176.37,user_05,Moscow,185.220.101.103,attack
2026-01-01 14:20:00,14,3,51.02,990.46,user_24,Beer Sheva,10.0.0.36,normal
2026-01-01 23:21:00,11,1,38.82,953.6,user_15,Beer Sheva,10.0.0.27,normal
2026-01-01 07:25:00,5,2,75.51,1018.45,user_10,Tel Aviv,10.0.0.51,normal
2026-01-01 07:45:00,6,1,82.76,1047.69,user_09,Haifa,10.0.0.40,normal
2026-01-01 07:51:00,3,3,57.48,1012.19,user_17,Jerusalem,10.0.0.13,normal
2026-01-01 04:16:00,11,2,49.63,959.98,user_09,Tel Aviv,10.0.0.34,normal
2026-01-01 19:54:00,12,1,60.28,1005.34,user_14,Eilat,10.0.0.55,normal
2026-01-01 23:58:00,9,2,44.02,971.01,user_20,Tel Aviv,10.0.0.55,normal
2026-01-01 15:34:00,12,1,34.48,1279.08,user_08,Eilat,10.0.0.24,normal
2026-01-01 03:52:00,15,0,46.31,1262.42,user_04,Haifa,10.0.0.11,normal
2026-01-01 20:04:00,10,1,42.14,1297.69,user_12,Eilat,10.0.0.45,normal
2026-01-01 14:44:00,6,1,57.66,925.38,user_21,Tel Aviv,10.0.0.15,normal
2026-01-01 21:37:00,13,2,69.94,881.68,user_02,Haifa,10.0.0.54,normal
2026-01-01 01:38:00,11,1,56.05,1123.24,user_25,Jerusalem,10.0.0.38,normal
2026-01-01 15:23:00,7,1,13.76,1255.99,user_01,Jerusalem,10.0.0.13,normal
2026-01-01 06:14:00,10,0,67.81,1714.01,user_18,Tel Aviv,10.0.0.46,normal
2026-01-01 18:15:00,13,0,56.73,1217.16,user_21,Haifa,10.0.0.57,normal
2026-01-01 20:13:00,9,1,38.13,1041.72,user_08,Beer Sheva,10.0.0.10,normal
2026-01-01 13:31:00,12,2,47.88,1195.42,user_11,Beer Sheva,10.0.0.18,normal
2026-01-01 15:30:00,11,2,52.79,1268.98,user_20,Eilat,10.0.0.33,normal
2026-01-01 04:16:00,13,2,83.16,1185.58,user_18,Eilat,10.0.0.17,normal
2026-01-01 12:38:00,6,1,70.96,1097.06,user_21,Haifa,10.0.0.32,normal
2026-01-01 18:04:00,11,2,69.49,1566.02,user_20,Jerusalem,10.0.0.19,normal
2026-01-01 13:14:00,4,0,88.51,669.38,user_15,Tel Aviv,10.0.0.26,normal
2026-01-01 23:58:00,11,0,69.05,1201.75,user_13,Tel Aviv,10.0.0.26,normal
2026-01-01 07:21:00,10,0,63.87,1067.41,user_18,Jerusalem,10.0.0.51,normal
2026-01-01 20:09:00,14,3,68.33,1522.56,user_21,Jerusalem,10.0.0.54,normal
2026-01-01 18:20:00,10,1,76.61,1023.63,user_09,Haifa,10.0.0.33,normal
2026-01-01 03:04:00,10,1,57.39,1203.1,user_07,Jerusalem,10.0.0.31,normal
2026-01-01 08:43:00,11,1,53.91,1293.17,user_03,Beer Sheva,10.0.0.32,normal
2026-01-01 15:28:00,14,1,35.6,1085.26,user_04,Jerusalem,10.0.0.18,normal
2026-01-01 13:26:00,11,2,85.2,1097.13,user_12,Eilat,10.0.0.22,normal
2026-01-01 02:13:00,11,0,42.31,1420.45,user_12,Jerusalem,10.0.0.12,normal
2026-01-01 19:38:00,3,1,84.6,1178.21,user_02,Tel Aviv,10.0.0.56,normal
2026-01-01 18:12:00,14,0,53.92,1201.35,user_10,Haifa,10.0.0.21,normal
2026-01-01 20:39:00,10,1,19.99,1030.89,user_17,Jerusalem,10.0.0.57,normal
2026-01-01 14:51:00,12,0,64.41,929.31,user_03,Haifa,10.0.0.28,normal
2026-01-01 04:50:00,13,0,61.3,890.11,user_17,Haifa,10.0.0.12,normal
2026-01-01 06:26:00,10,0,72.24,1502.24,user_17,Beer Sheva,10.0.0.53,normal
2026-01-01 12:25:00,13,1,42.39,982.12,user_03,Jerusalem,10.0.0.17,normal
2026-01-01 02:35:00,14,1,54.48,1209.85,user_09,Tel Aviv,10.0.0.54,normal
2026-01-01 23:47:00,7,1,57.66,1547.93,user_23,Beer Sheva,10.0.0.29,normal
2026-01-01 03:51:00,2,15,7.39,152.19,user_07,Unknown,185.220.101.28,attack
2026-01-01 18:13:00,8,0,54.06,1291.06,user_08,Tel Aviv,10.0.0.29,normal
2026-01-01 00:16:00,12,1,61.83,1480.57,user_18,Jerusalem,10.0.0.20,normal
2026-01-01 21:07:00,8,0,60.05,1308.89,user_11,Jerusalem,10.0.0.50,normal
2026-01-01 04:47:00,14,0,60.63,1530.21,user_06,Tel Aviv,10.0.0.33,normal
2026-01-01 16:21:00,11,0,83.73,928.58,user_25,Jerusalem,10.0.0.33,normal
2026-01-01 13:51:00,10,0,34.62,992.17,user_03,Jerusalem,10.0.0.16,normal
2026-01-01 09:43:00,11,2,66.68,1045.37,user_23,Tel Aviv,10.0.0.34,normal
2026-01-01 01:18:00,9,0,54.17,1588.88,user_12,Haifa,10.0.0.28,normal
2026-01-01 00:57:00,10,2,44.95,1345.21,user_20,Tel Aviv,10.0.0.26,normal
2026-01-01 13:59:00,13,2,66.38,987.25,user_22,Haifa,10.0.0.46,normal
2026-01-01 04:14:00,10,1,68.91,926.83,user_05,Jerusalem,10.0.0.32,normal
2026-01-01 17:58:00,11,2,36.56,1378.61,user_06,Jerusalem,10.0.0.30,normal
2026-01-01 13:33:00,12,0,50.78,1186.32,user_08,Beer Sheva,10.0.0.44,normal
2026-01-01 07:21:00,11,0,32.55,1506.63,user_04,Beer Sheva,10.0.0.23,normal
2026-01-01 08:38:00,4,2,58.64,1108.56,user_24,Jerusalem,10.0.0.55,normal
2026-01-01 07:36:00,11,2,84.11,1337.5,user_20,Jerusalem,10.0.0.54,normal
2026-01-01 03:43:00,8,1,59.87,1288.14,user_19,Beer Sheva,10.0.0.36,normal
2026-01-01 16:21:00,8,3,77.02,1590.42,user_09,Tel Aviv,10.0.0.55,normal
2026-01-01 10:25:00,12,1,69.09,1407.44,user_25,Tel Aviv,10.0.0.28,normal
2026-01-01 10:51:00,10,0,65.32,1133.53,user_03,Tel Aviv,10.0.0.20,normal
2026-01-01 03:23:00,11,2,78.23,510.94,user_02,Jerusalem,10.0.0.18,normal
2026-01-01 10:23:00,8,3,61.31,1331.37,user_14,Eilat,10.0.0.45,normal
2026-01-01 11:07:00,9,0,47.85,1252.0,user_03,Haifa,10.0.0.37,normal
2026-01-01 07:52:00,12,0,47.34,1391.4,user_04,Tel Aviv,10.0.0.11,normal
2026-01-01 17:49:00,13,1,64.85,1069.94,user_22,Beer Sheva,10.0.0.23,normal
2026-01-01 14:12:00,9,1,34.16,1238.67,user_18,Beer Sheva,10.0.0.24,normal
2026-01-01 10:25:00,8,0,36.62,1265.83,user_18,Tel Aviv,10.0.0.30,normal
2026-01-01 15:48:00,11,2,51.05,1252.43,user_10,Tel Aviv,10.0.0.57,normal
2026-01-01 20:47:00,6,0,54.06,1430.8,user_23,Tel Aviv,10.0.0.46,normal
2026-01-01 02:19:00,14,0,59.01,751.33,user_04,Jerusalem,10.0.0.33,normal
2026-01-01 07:29:00,11,0,55.77,931.33,user_07,Tel Aviv,10.0.0.45,normal
2026-01-01 01:46:00,15,0,47.68,1425.83,user_03,Tel Aviv,10.0.0.56,normal
2026-01-01 21:15:00,4,0,34.26,1077.54,user_07,Haifa,10.0.0.23,normal
2026-01-01 17:07:00,10,0,73.99,1493.01,user_06,Tel Aviv,10.0.0.51,normal
2026-01-01 01:15:00,10,1,42.72,1581.07,user_04,Haifa,10.0.0.45,normal
2026-01-01 11:33:00,14,3,59.64,1330.31,user_11,Tel Aviv,10.0.0.50,normal
2026-01-01 17:58:00,11,2,37.23,1275.43,user_13,Haifa,10.0.0.49,normal
2026-01-01 17:33:00,4,0,75.8,1349.59,user_15,Haifa,10.0.0.52,normal
2026-01-01 08:14:00,7,1,49.99,1401.56,user_10,Jerusalem,10.0.0.21,normal
2026-01-01 10:32:00,6,0,42.81,1396.21,user_12,Eilat,10.0.0.47,normal
2026-01-01 10:17:00,14,2,101.33,1093.31,user_17,Haifa,10.0.0.21,normal
2026-01-01 14:36:00,12,0,66.12,1324.13,user_22,Tel Aviv,10.0.0.37,normal
2026-01-01 09:18:00,11,2,34.81,1353.63,user_06,Tel Aviv,10.0.0.17,normal
2026-01-01 13:52:00,10,1,74.62,1510.96,user_10,Tel Aviv,10.0.0.41,normal
2026-01-01 07:24:00,15,0,69.65,1297.78,user_25,Tel Aviv,10.0.0.54,normal
2026-01-01 14:56:00,8,1,45.15,1074.96,user_02,Tel Aviv,10.0.0.50,normal
2026-01-01 11:45:00,12,0,28.38,1075.95,user_15,Haifa,10.0.0.14,normal
2026-01-01 05:41:00,12,0,43.01,1366.96,user_22,Tel Aviv,10.0.0.18,normal
2026-01-01 15:37:00,14,1,63.32,1274.13,user_02,Tel Aviv,10.0.0.13,normal
2026-01-01 21:51:00,5,1,74.57,1425.62,user_19,Tel Aviv,10.0.0.42,normal
2026-01-01 19:38:00,11,3,43.64,964.32,user_08,Haifa,10.0.0.26,normal
2026-01-01 01:03:00,7,0,74.24,1271.62,user_20,Tel Aviv,10.0.0.30,normal
2026-01-01 22:22:00,6,1,51.52,1015.67,user_07,Beer Sheva,10.0.0.15,normal
2026-01-01 17:30:00,9,1,38.49,1001.08,user_20,Jerusalem,10.0.0.14,normal
2026-01-01 08:24:00,11,1,75.1,1064.38,user_20,Tel Aviv,10.0.0.12,normal
2026-01-01 15:13:00,8,1,63.92,1301.22,user_02,Haifa,10.0.0.14,normal
2026-01-01 22:12:00,4,11,1.0,57.19,user_08,Unknown,185.220.101.223,attack
2026-01-01 09:55:00,11,0,34.63,1322.12,user_04,Haifa,10.0.0.58,normal
2026-01-01 04:37:00,7,3,33.8,1246.89,user_22,Tel Aviv,10.0.0.23,normal
2026-01-01 13:30:00,13,2,84.58,1009.27,user_05,Haifa,10.0.0.22,normal
2026-01-01 09:53:00,9,1,43.38,1189.66,user_05,Tel Aviv,10.0.0.33,normal
2026-01-01 21:27:00,11,0,52.99,1181.46,user_02,Tel Aviv,10.0.0.26,normal
2026-01-01 09:54:00,11,2,67.29,1393.53,user_07,Beer Sheva,10.0.0.40,normal
2026-01-01 09:45:00,9,1,58.62,1430.57,user_02,Tel Aviv,10.0.0.40,normal
2026-01-01 23:40:00,12,0,53.5,1294.02,user_15,Tel Aviv,10.0.0.26,normal
2026-01-01 16:06:00,10,0,48.88,1339.44,user_06,Tel Aviv,10.0.0.41,normal
2026-01-01 20:06:00,11,1,38.48,1206.7,user_17,Beer Sheva,10.0.0.14,normal
2026-01-01 02:04:00,11,2,71.19,1065.68,user_13,Beer Sheva,10.0.0.45,normal
2026-01-01 17:50:00,11,1,60.95,1511.17,user_06,Beer Sheva,10.0.0.33,normal
2026-01-01 12:41:00,11,1,35.27,1190.34,user_05,Tel Aviv,10.0.0.20,normal
2026-01-01 04:04:00,11,1,60.93,1192.99,user_19,Beer Sheva,10.0.0.56,normal
2026-01-01 18:20:00,9,3,54.24,1619.67,user_14,Jerusalem,10.0.0.41,normal
2026-01-01 12:09:00,9,1,60.92,1304.93,user_18,Jerusalem,10.0.0.38,normal
2026-01-01 01:09:00,11,1,59.81,1104.43,user_18,Tel Aviv,10.0.0.43,normal
2026-01-01 09:33:00,12,0,50.94,1511.12,user_16,Tel Aviv,10.0.0.18,normal
2026-01-01 02:12:00,8,1,73.0,750.44,user_11,Haifa,10.0.0.13,normal
2026-01-01 07:15:00,7,1,73.43,870.68,user_22,Jerusalem,10.0.0.24,normal
2026-01-01 08:51:00,11,1,71.49,917.04,user_24,Beer Sheva,10.0.0.43,normal
2026-01-01 20:41:00,10,0,58.85,1471.72,user_13,Tel Aviv,10.0.0.59,normal
2026-01-01 00:06:00,9,0,54.08,1413.7,user_23,Jerusalem,10.0.0.21,normal
2026-01-01 13:57:00,7,1,24.33,874.14,user_01,Tel Aviv,10.0.0.19,normal
2026-01-01 06:57:00,6,1,25.45,1283.96,user_22,Tel Aviv,10.0.0.46,normal
2026-01-01 02:13:00,12,2,45.68,1239.41,user_06,Tel Aviv,10.0.0.38,normal
2026-01-01 05:47:00,7,1,65.56,769.6,user_21,Tel Aviv,10.0.0.55,normal
2026-01-01 23:19:00,8,0,54.4,1474.72,user_23,Tel Aviv,10.0.0.58,normal
2026-01-01 15:01:00,9,4,52.33,1195.47,user_21,Tel Aviv,10.0.0.39,normal
2026-01-01 07:11:00,13,0,36.81,1539.13,user_07,Haifa,10.0.0.42,normal
2026-01-01 08:47:00,10,2,51.84,1453.24,user_25,Eilat,10.0.0.17,normal
2026-01-01 23:28:00,7,3,67.95,1293.91,user_25,Jerusalem,10.0.0.48,normal
2026-01-01 12:01:00,11,0,63.67,1689.03,user_23,Tel Aviv,10.0.0.36,normal
2026-01-01 08:30:00,8,1,53.59,1082.32,user_17,Beer Sheva,10.0.0.24,normal
2026-01-01 08:16:00,5,2,71.22,1340.01,user_13,Tel Aviv,10.0.0.45,normal
2026-01-01 14:55:00,10,2,90.76,963.06,user_08,Tel Aviv,10.0.0.52,normal
2026-01-01 12:36:00,11,0,47.1,1390.59,user_09,Haifa,10.0.0.14,normal
2026-01-01 15:47:00,11,1,56.7,1270.81,user_07,Tel Aviv,10.0.0.30,normal
2026-01-01 17:01:00,13,0,44.1,1377.74,user_05,Eilat,10.0.0.43,normal
2026-01-01 06:13:00,16,0,49.03,1394.18,user_22,Jerusalem,10.0.0.49,normal
2026-01-01 11:35:00,10,1,36.77,891.24,user_25,Eilat,10.0.0.31,normal
2026-01-01 08:10:00,5,1,47.1,989.76,user_17,Haifa,10.0.0.49,normal
2026-01-01 17:45:00,7,2,75.28,1617.65,user_02,Jerusalem,10.0.0.34,normal
2026-01-01 08:48:00,0,11,4.78,92.42,user_04,Unknown,185.220.101.215,attack
2026-01-01 03:05:00,13,0,78.17,1106.92,user_25,Haifa,10.0.0.36,normal
2026-01-01 01:17:00,11,0,43.24,1568.14,user_11,Haifa,10.0.0.15,normal
2026-01-01 05:55:00,18,1,70.31,1010.83,user_24,Tel Aviv,10.0.0.38,normal
2026-01-01 03:49:00,9,1,62.32,954.4,user_04,Haifa,10.0.0.51,normal
2026-01-01 02:48:00,12,2,66.09,1307.97,user_14,Beer Sheva,10.0.0.49,normal
2026-01-01 20:37:00,7,0,70.78,1020.08,user_24,Haifa,10.0.0.28,normal
2026-01-01 19:48:00,14,1,67.37,1281.26,user_19,Jerusalem,10.0.0.19,normal
2026-01-01 01:06:00,10,3,97.68,1488.45,user_17,Jerusalem,10.0.0.40,normal
2026-01-01 15:04:00,6,0,62.36,1235.53,user_18,Jerusalem,10.0.0.51,normal
2026-01-01 21:28:00,10,1,59.55,1172.76,user_10,Tel Aviv,10.0.0.18,normal
2026-01-01 02:18:00,8,0,64.35,1281.44,user_25,Beer Sheva,10.0.0.26,normal
2026-01-01 10:21:00,9,1,47.17,1423.76,user_08,Haifa,10.0.0.49,normal
2026-01-01 06:58:00,9,2,62.3,1170.61,user_19,Tel Aviv,10.0.0.24,normal
2026-01-01 05:27:00,7,1,45.65,1342.25,user_02,Tel Aviv,10.0.0.21,normal
2026-01-01 08:50:00,9,3,61.39,1451.87,user_03,Jerusalem,10.0.0.42,normal
2026-01-01 18:03:00,9,0,33.67,949.86,user_22,Tel Aviv,10.0.0.47,normal
2026-01-01 08:47:00,6,0,34.57,1330.95,user_23,Beer Sheva,10.0.0.25,normal
2026-01-01 19:49:00,14,2,31.66,912.44,user_13,Jerusalem,10.0.0.38,normal
2026-01-01 21:12:00,10,0,51.16,854.62,user_25,Haifa,10.0.0.12,normal
2026-01-01 06:46:00,12,3,97.0,1264.25,user_03,Beer Sheva,10.0.0.21,normal
2026-01-01 00:59:00,10,1,64.61,793.44,user_14,Haifa,10.0.0.13,normal
2026-01-01 19:06:00,6,1,47.61,1616.23,user_14,Eilat,10.0.0.59,normal
2026-01-01 09:56:00,10,0,60.68,1031.1,user_21,Beer Sheva,10.0.0.10,normal
2026-01-01 12:04:00,16,0,35.81,1157.14,user_22,Tel Aviv,10.0.0.58,normal
2026-01-01 10:55:00,9,1,53.09,1026.84,user_18,Haifa,10.0.0.23,normal
2026-01-01 13:44:00,7,1,63.19,1558.76,user_10,Beer Sheva,10.0.0.40,normal
2026-01-01 09:42:00,9,0,70.14,1075.82,user_14,Eilat,10.0.0.27,normal
2026-01-01 12:09:00,15,1,59.23,990.25,user_13,Beer Sheva,10.0.0.32,normal
2026-01-01 15:59:00,10,2,29.44,810.29,user_12,Eilat,10.0.0.16,normal
2026-01-01 15:36:00,8,1,67.09,1321.58,user_17,Beer Sheva,10.0.0.29,normal
2026-01-01 03:31:00,12,0,43.27,1168.53,user_07,Haifa,10.0.0.34,normal
2026-01-01 18:51:00,8,0,36.82,741.88,user_22,Jerusalem,10.0.0.49,normal
2026-01-01 02:51:00,11,6,62.28,1020.77,user_22,Tel Aviv,10.0.0.55,normal
2026-01-01 01:02:00,7,2,82.01,1280.96,user_12,Haifa,10.0.0.17,normal
2026-01-01 05:52:00,9,2,49.0,1103.94,user_03,Beer Sheva,10.0.0.37,normal
2026-01-01 11:22:00,9,0,41.44,806.42,user_18,Jerusalem,10.0.0.57,normal
2026-01-01 20:33:00,10,1,55.78,1032.88,user_03,Haifa,10.0.0.13,normal
2026-01-01 00:26:00,7,2,48.41,1425.26,user_14,Jerusalem,10.0.0.15,normal
2026-01-01 22:52:00,6,1,41.75,1185.94,user_12,Beer Sheva,10.0.0.21,normal
2026-01-01 09:36:00,5,0,39.6,1147.69,user_21,Jerusalem,10.0.0.19,normal
2026-01-01 06:27:00,11,0,74.6,1530.78,user_09,Beer Sheva,10.0.0.40,normal
2026-01-01 00:44:00,14,1,59.73,1008.24,user_20,Eilat,10.0.0.44,normal
2026-01-01 14:03:00,7,1,31.82,1000.15,user_16,Eilat,10.0.0.26,normal
2026-01-01 01:19:00,10,0,60.55,1207.76,user_19,Beer Sheva,10.0.0.33,normal
2026-01-01 12:36:00,8,0,44.11,1581.88,user_09,Jerusalem,10.0.0.40,normal
2026-01-01 00:40:00,10,0,43.88,1037.96,user_14,Jerusalem,10.0.0.20,normal
2026-01-01 22:54:00,11,2,35.19,983.27,user_19,Jerusalem,10.0.0.18,normal
2026-01-01 15:47:00,3,0,65.45,1072.64,user_19,Jerusalem,10.0.0.20,normal
2026-01-01 23:28:00,9,0,79.97,1189.1,user_20,Eilat,10.0.0.57,normal
2026-01-01 09:29:00,5,2,55.28,1284.84,user_25,Jerusalem,10.0.0.30,normal
2026-01-01 18:17:00,4,2,50.07,1389.16,user_07,Eilat,10.0.0.36,normal
2026-01-01 10:36:00,12,1,65.56,1023.18,user_05,Haifa,10.0.0.30,normal
2026-01-01 10:04:00,11,1,41.23,1169.79,user_20,Haifa,10.0.0.39,normal
2026-01-01 13:15:00,14,3,55.67,1194.86,user_16,Jerusalem,10.0.0.41,normal
2026-01-01 17:54:00,10,1,59.23,587.05,user_17,Eilat,10.0.0.34,normal
2026-01-01 09:20:00,5,0,54.26,1173.33,user_17,Eilat,10.0.0.29,normal
2026-01-01 20:59:00,11,3,63.35,1401.7,user_01,Jerusalem,10.0.0.43,normal
2026-01-01 00:21:00,10,0,56.73,1112.26,user_07,Beer Sheva,10.0.0.38,normal
2026-01-01 22:32:00,9,0,60.7,1318.56,user_12,Jerusalem,10.0.0.10,normal
2026-01-01 18:49:00,12,0,75.21,1626.96,user_13,Jerusalem,10.0.0.31,normal
2026-01-01 04:05:00,11,1,38.62,979.38,user_14,Beer Sheva,10.0.0.38,normal
2026-01-01 01:45:00,2,1,38.02,1455.08,user_02,Haifa,10.0.0.11,normal
2026-01-01 20:59:00,9,0,83.18,1103.88,user_09,Beer Sheva,10.0.0.49,normal
2026-01-01 19:07:00,11,1,53.94,1466.81,user_11,Jerusalem,10.0.0.56,normal
2026-01-01 01:30:00,13,0,60.11,721.33,user_16,Haifa,10.0.0.50,normal
2026-01-01 14:41:00,10,0,65.35,1141.35,user_10,Tel Aviv,10.0.0.20,normal
2026-01-01 23:16:00,8,3,55.12,1187.39,user_22,Haifa,10.0.0.33,normal
2026-01-01 07:54:00,7,0,64.23,1491.75,user_15,Beer Sheva,10.0.0.17,normal
2026-01-01 22:57:00,11,2,51.1,1165.59,user_03,Haifa,10.0.0.25,normal
2026-01-01 21:12:00,13,0,21.45,977.74,user_18,Tel Aviv,10.0.0.16,normal
2026-01-01 06:29:00,5,0,68.5,925.01,user_14,Haifa,10.0.0.10,normal
2026-01-01 14:53:00,9,2,51.07,1759.9,user_16,Beer Sheva,10.0.0.12,normal
2026-01-01 00:37:00,7,0,57.75,1420.01,user_10,Jerusalem,10.0.0.54,normal
2026-01-01 04:02:00,9,1,63.44,1206.38,user_15,Tel Aviv,10.0.0.20,normal
2026-01-01 05:07:00,7,0,73.23,1216.02,user_21,Haifa,10.0.0.23,normal
2026-01-01 16:43:00,7,0,51.02,1691.52,user_08,Jerusalem,10.0.0.24,normal
2026-01-01 20:02:00,12,0,53.9,631.53,user_05,Tel Aviv,10.0.0.35,normal
2026-01-01 14:46:00,10,3,68.87,1395.84,user_12,Beer Sheva,10.0.0.28,normal
2026-01-01 17:39:00,15,1,52.33,1782.88,user_16,Tel Aviv,10.0.0.55,normal
2026-01-01 08:34:00,10,0,61.67,1175.59,user_12,Haifa,10.0.0.23,normal
2026-01-01 13:41:00,8,1,31.02,1084.48,user_22,Tel Aviv,10.0.0.55,normal
2026-01-01 20:05:00,8,1,72.45,1220.6,user_14,Tel Aviv,10.0.0.16,normal
2026-01-01 04:32:00,12,2,70.78,1344.92,user_04,Tel Aviv,10.0.0.12,normal
2026-01-01 10:38:00,13,0,81.86,1350.38,user_20,Haifa,10.0.0.35,normal
2026-01-01 18:15:00,7,1,56.06,1048.28,user_07,Haifa,10.0.0.19,normal
2026-01-01 03:26:00,10,2,81.72,810.49,user_21,Eilat,10.0.0.44,normal
2026-01-01 10:18:00,4,1,64.94,1270.72,user_01,Jerusalem,10.0.0.37,normal
2026-01-01 12:30:00,11,0,30.28,1331.53,user_15,Haifa,10.0.0.56,normal
2026-01-01 20:22:00,4,0,37.76,676.17,user_17,Jerusalem,10.0.0.37,normal
2026-01-01 00:02:00,14,0,29.37,1186.78,user_15,Haifa,10.0.0.47,normal
2026-01-01 23:55:00,11,2,59.55,1305.85,user_01,Tel Aviv,10.0.0.55,normal
2026-01-01 03:13:00,11,0,55.39,1099.68,user_21,Eilat,10.0.0.11,normal
2026-01-01 22:01:00,11,0,40.67,1004.94,user_21,Beer Sheva,10.0.0.42,normal
2026-01-01 10:37:00,11,2,57.79,1435.28,user_02,Tel Aviv,10.0.0.52,normal
2026-01-01 22:40:00,7,0,43.77,1519.1,user_13,Tel Aviv,10.0.0.45,normal
2026-01-01 09:04:00,11,0,40.32,1602.24,user_14,Eilat,10.0.0.51,normal
2026-01-01 23:52:00,5,0,72.07,1050.3,user_20,Jerusalem,10.0.0.39,normal
2026-01-01 09:46:00,8,1,82.39,883.89,user_08,Tel Aviv,10.0.0.24,normal
2026-01-01 05:26:00,9,2,26.01,1083.5,user_14,Tel Aviv,10.0.0.55,normal
2026-01-01 23:19:00,11,3,70.25,1532.16,user_18,Jerusalem,10.0.0.50,normal
2026-01-01 07:21:00,10,3,43.87,693.7,user_10,Jerusalem,10.0.0.50,normal
2026-01-01 10:16:00,11,1,46.79,1315.94,user_15,Jerusalem,10.0.0.58,normal
2026-01-01 16:30:00,11,1,65.79,893.77,user_22,Jerusalem,10.0.0.23,normal
2026-01-01 19:43:00,13,1,14.44,977.7,user_10,Haifa,10.0.0.41,normal
2026-01-01 08:37:00,4,11,7.86,178.87,user_07,Unknown,185.220.101.106,attack
2026-01-01 00:44:00,15,0,50.06,1079.9,user_05,Eilat,10.0.0.45,normal
2026-01-01 12:40:00,14,2,61.99,980.79,user_21,Tel Aviv,10.0.0.17,normal
2026-01-01 12:43:00,11,2,61.69,880.13,user_07,Jerusalem,10.0.0.51,normal
2026-01-01 06:12:00,17,0,41.4,1077.32,user_22,Haifa,10.0.0.46,normal
2026-01-01 13:27:00,8,0,57.27,950.8,user_14,Haifa,10.0.0.31,normal
2026-01-01 04:45:00,10,1,65.9,1225.37,user_11,Tel Aviv,10.0.0.46,normal
2026-01-01 03:04:00,6,1,43.06,904.56,user_11,Tel Aviv,10.0.0.52,normal
2026-01-01 02:05:00,11,1,47.67,785.05,user_15,Haifa,10.0.0.28,normal
2026-01-01 23:02:00,12,1,53.72,1084.01,user_16,Beer Sheva,10.0.0.57,normal
2026-01-01 02:37:00,7,3,49.78,1013.88,user_04,Tel Aviv,10.0.0.53,normal
2026-01-01 17:50:00,10,0,71.7,1621.97,user_22,Haifa,10.0.0.11,normal
2026-01-01 06:23:00,10,1,58.43,1309.77,user_12,Jerusalem,10.0.0.57,normal
2026-01-01 06:08:00,14,1,54.42,1080.81,user_21,Haifa,10.0.0.42,normal
2026-01-01 14:04:00,9,1,27.21,1396.85,user_06,Tel Aviv,10.0.0.43,normal
2026-01-01 08:53:00,13,0,47.64,1257.75,user_05,Tel Aviv,10.0.0.11,normal
2026-01-01 15:43:00,9,1,39.71,1207.55,user_01,Jerusalem,10.0.0.58,normal
2026-01-01 14:05:00,5,2,55.45,967.62,user_13,Haifa,10.0.0.53,normal
2026-01-01 21:23:00,10,2,62.2,1303.88,user_25,Beer Sheva,10.0.0.33,normal
2026-01-01 00:01:00,7,0,58.13,1226.6,user_05,Jerusalem,10.0.0.11,normal
2026-01-01 08:55:00,8,1,30.11,978.99,user_22,Tel Aviv,10.0.0.56,normal
2026-01-01 20:00:00,9,2,76.93,1696.07,user_25,Haifa,10.0.0.27,normal
2026-01-01 04:25:00,12,0,51.08,581.71,user_17,Tel Aviv,10.0.0.16,normal
2026-01-01 09:30:00,8,2,58.98,1118.12,user_19,Jerusalem,10.0.0.47,normal
2026-01-01 18:48:00,12,1,45.59,1211.48,user_03,Jerusalem,10.0.0.53,normal
2026-01-01 21:39:00,23,22,2.9,96.45,user_02,Eilat,185.220.101.75,attack
2026-01-01 03:17:00,9,1,75.29,1345.44,user_12,Haifa,10.0.0.52,normal
2026-01-01 23:32:00,16,1,48.8,1113.52,user_13,Jerusalem,10.0.0.36,normal
2026-01-01 00:43:00,14,0,91.27,1408.31,user_17,Tel Aviv,10.0.0.28,normal
2026-01-01 07:30:00,10,0,52.93,1161.71,user_13,Jerusalem,10.0.0.21,normal
2026-01-01 01:19:00,11,1,36.77,1295.68,user_11,Tel Aviv,10.0.0.47,normal
2026-01-01 18:41:00,10,1,41.11,1537.23,user_12,Haifa,10.0.0.36,normal
2026-01-01 18:35:00,20,0,58.53,1052.21,user_17,Jerusalem,10.0.0.47,normal
2026-01-01 16:43:00,8,1,67.95,1124.88,user_23,Haifa,10.0.0.47,normal
2026-01-01 13:11:00,17,2,77.21,1452.93,user_12,Jerusalem,10.0.0.46,normal
2026-01-01 18:04:00,14,2,42.6,1379.54,user_09,Beer Sheva,10.0.0.24,normal
2026-01-01 16:26:00,10,2,61.9,1422.14,user_09,Eilat,10.0.0.15,normal
2026-01-01 10:48:00,11,1,61.53,1052.79,user_16,Haifa,10.0.0.50,normal
2026-01-01 08:11:00,5,3,58.83,1561.29,user_06,Jerusalem,10.0.0.49,normal
2026-01-01 16:29:00,7,1,45.5,778.08,user_18,Haifa,10.0.0.53,normal
2026-01-01 07:39:00,6,2,100.48,1390.49,user_11,Haifa,10.0.0.38,normal
2026-01-01 12:47:00,14,0,52.28,1640.38,user_16,Haifa,10.0.0.18,normal
2026-01-01 04:11:00,13,1,70.86,1136.11,user_04,Tel Aviv,10.0.0.43,normal
2026-01-01 10:43:00,5,0,50.32,860.01,user_03,Tel Aviv,10.0.0.49,normal
2026-01-01 14:00:00,8,1,61.28,1290.94,user_13,Jerusalem,10.0.0.17,normal
2026-01-01 05:06:00,12,0,51.05,468.79,user_06,Tel Aviv,10.0.0.14,normal
2026-01-01 20:54:00,8,0,47.65,1729.65,user_02,Jerusalem,10.0.0.56,normal
2026-01-01 15:55:00,11,0,52.46,841.69,user_14,Haifa,10.0.0.25,normal
2026-01-01 21:07:00,13,2,38.12,1182.89,user_19,Jerusalem,10.0.0.42,normal
2026-01-01 09:02:00,11,0,66.85,1404.12,user_03,Tel Aviv,10.0.0.43,normal
2026-01-01 14:25:00,9,1,42.09,1293.86,user_08,Haifa,10.0.0.21,normal
2026-01-01 04:07:00,6,1,29.12,1385.5,user_14,Tel Aviv,10.0.0.43,normal
2026-01-01 07:09:00,8,2,45.26,891.3,user_14,Beer Sheva,10.0.0.36,normal
2026-01-01 05:52:00,7,0,30.08,1340.56,user_16,Tel Aviv,10.0.0.30,normal
2026-01-01 08:49:00,7,1,53.49,1388.58,user_08,Haifa,10.0.0.54,normal
2026-01-01 11:26:00,11,3,51.83,962.22,user_07,Beer Sheva,10.0.0.21,normal
2026-01-01 18:08:00,11,1,63.51,1310.98,user_12,Beer Sheva,10.0.0.31,normal
2026-01-01 09:26:00,11,0,55.96,830.35,user_04,Beer Sheva,10.0.0.27,normal
2026-01-01 06:39:00,16,1,34.96,1448.2,user_20,Tel Aviv,10.0.0.42,normal
2026-01-01 11:26:00,2,0,55.26,1116.45,user_24,Jerusalem,10.0.0.10,normal
2026-01-01 12:01:00,7,0,49.64,1175.53,user_18,Haifa,10.0.0.53,normal
2026-01-01 12:28:00,9,1,54.88,932.92,user_02,Haifa,10.0.0.19,normal
2026-01-01 15:22:00,5,1,41.4,1243.73,user_23,Jerusalem,10.0.0.17,normal
2026-01-01 14:02:00,11,1,50.83,1708.22,user_10,Haifa,10.0.0.19,normal
2026-01-01 05:49:00,10,1,44.1,1284.46,user_01,Beer Sheva,10.0.0.11,normal
2026-01-01 19:40:00,8,2,40.49,1217.47,user_10,Tel Aviv,10.0.0.28,normal
2026-01-01 15:00:00,14,2,48.73,995.72,user_01,Beer Sheva,10.0.0.43,normal
2026-01-01 06:48:00,4,3,58.16,941.36,user_08,Tel Aviv,10.0.0.20,normal
2026-01-01 09:40:00,6,3,50.77,1159.42,user_15,Tel Aviv,10.0.0.47,normal
2026-01-01 06:31:00,16,0,54.04,1169.93,user_02,Haifa,10.0.0.27,normal
2026-01-01 04:45:00,10,3,91.34,818.52,user_21,Tel Aviv,10.0.0.10,normal
2026-01-01 00:33:00,6,3,49.35,1471.57,user_24,Haifa,10.0.0.41,normal
2026-01-01 19:27:00,5,0,55.69,1406.14,user_04,Haifa,10.0.0.16,normal
2026-01-01 07:57:00,11,2,31.89,961.56,user_12,Haifa,10.0.0.42,normal
2026-01-01 15:30:00,14,1,63.95,809.89,user_15,Beer Sheva,10.0.0.49,normal
2026-01-01 13:15:00,8,3,31.27,982.8,user_01,Tel Aviv,10.0.0.19,normal
2026-01-01 18:00:00,11,1,48.0,1263.68,user_08,Tel Aviv,10.0.0.40,normal
2026-01-01 07:40:00,14,2,50.06,942.81,user_06,Haifa,10.0.0.34,normal
2026-01-01 22:48:00,12,1,50.83,1045.84,user_20,Haifa,10.0.0.37,normal
2026-01-01 04:53:00,7,0,51.21,1295.25,user_05,Haifa,10.0.0.29,normal
2026-01-01 17:33:00,10,4,31.76,1164.32,user_06,Beer Sheva,10.0.0.46,normal
2026-01-01 16:38:00,8,1,68.12,1456.41,user_16,Beer Sheva,10.0.0.52,normal
2026-01-01 18:48:00,11,2,59.09,1503.23,user_25,Tel Aviv,10.0.0.29,normal
2026-01-01 21:56:00,8,6,69.81,1356.49,user_15,Haifa,10.0.0.21,normal
2026-01-01 17:56:00,6,1,66.39,1170.89,user_04,Haifa,10.0.0.14,normal
2026-01-01 08:24:00,9,2,73.48,1341.1,user_14,Haifa,10.0.0.45,normal
2026-01-01 20:49:00,11,1,44.32,1338.65,user_05,Beer Sheva,10.0.0.38,normal
2026-01-01 04:19:00,6,1,45.0,1343.09,user_16,Haifa,10.0.0.29,normal
2026-01-01 11:42:00,11,2,66.09,963.9,user_17,Beer Sheva,10.0.0.15,normal
2026-01-01 11:11:00,11,3,37.24,800.62,user_12,Haifa,10.0.0.39,normal
2026-01-01 00:24:00,6,3,65.56,1349.84,user_09,Tel Aviv,10.0.0.23,normal
2026-01-01 07:04:00,12,1,50.45,1135.81,user_23,Jerusalem,10.0.0.41,normal
2026-01-01 15:55:00,11,2,51.59,1099.03,user_25,Tel Aviv,10.0.0.36,normal
2026-01-01 09:20:00,15,0,54.16,669.96,user_22,Haifa,10.0.0.57,normal
2026-01-01 08:00:00,9,0,71.22,1130.4,user_15,Eilat,10.0.0.42,normal
2026-01-01 14:17:00,10,0,60.98,1705.64,user_09,Jerusalem,10.0.0.48,normal
2026-01-01 12:24:00,13,1,51.51,382.65,user_03,Beer Sheva,10.0.0.38,normal
2026-01-01 10:14:00,10,1,46.24,819.22,user_25,Jerusalem,10.0.0.23,normal
2026-01-01 06:53:00,15,0,45.87,1663.07,user_25,Tel Aviv,10.0.0.43,normal
2026-01-01 23:20:00,4,2,47.52,1299.24,user_18,Tel Aviv,10.0.0.27,normal
2026-01-01 15:49:00,16,0,60.0,1346.88,user_14,Haifa,10.0.0.36,normal
2026-01-01 02:48:00,10,1,58.01,969.28,user_19,Eilat,10.0.0.11,normal
2026-01-01 06:17:00,9,2,65.82,1298.27,user_21,Tel Aviv,10.0.0.45,normal
2026-01-01 02:03:00,5,1,64.46,1087.65,user_16,Haifa,10.0.0.26,normal
2026-01-01 02:58:00,8,0,58.53,1791.9,user_03,Haifa,10.0.0.20,normal
2026-01-01 23:19:00,13,2,45.57,1381.92,user_20,Haifa,10.0.0.45,normal
2026-01-01 08:25:00,7,0,64.54,1312.07,user_13,Eilat,10.0.0.48,normal
2026-01-01 09:29:00,16,2,69.38,1206.57,user_19,Jerusalem,10.0.0.52,normal
2026-01-01 00:59:00,7,0,73.56,832.06,user_23,Haifa,10.0.0.59,normal
2026-01-01 00:32:00,12,0,62.28,1032.61,user_12,Tel Aviv,10.0.0.13,normal
2026-01-01 16:07:00,11,1,32.84,1138.37,user_08,Tel Aviv,10.0.0.59,normal
2026-01-01 09:02:00,11,0,36.85,1281.31,user_07,Jerusalem,10.0.0.50,normal
2026-01-01 00:55:00,10,3,63.06,1016.34,user_19,Eilat,10.0.0.50,normal
2026-01-01 08:38:00,12,0,61.03,1271.06,user_09,Tel Aviv,10.0.0.32,normal
2026-01-01 22:58:00,9,4,35.36,1353.36,user_15,Tel Aviv,10.0.0.44,normal
2026-01-01 06:11:00,9,1,21.11,1491.66,user_20,Jerusalem,10.0.0.42,normal
2026-01-01 07:47:00,6,0,37.17,749.34,user_15,Beer Sheva,10.0.0.29,normal
2026-01-01 23:03:00,12,1,49.5,1493.67,user_07,Haifa,10.0.0.37,normal
2026-01-01 20:07:00,12,0,70.37,654.03,user_14,Tel Aviv,10.0.0.31,normal
2026-01-01 04:36:00,6,1,63.19,828.33,user_10,Haifa,10.0.0.33,normal
2026-01-01 19:55:00,6,1,71.37,1244.45,user_19,Haifa,10.0.0.34,normal
2026-01-01 14:41:00,10,1,36.78,1248.74,user_18,Beer Sheva,10.0.0.47,normal
2026-01-01 21:58:00,11,0,66.61,1151.07,user_02,Jerusalem,10.0.0.23,normal
2026-01-01 11:27:00,9,0,43.96,1310.88,user_19,Tel Aviv,10.0.0.42,normal
2026-01-01 18:51:00,7,1,41.63,1226.23,user_14,Beer Sheva,10.0.0.57,normal
2026-01-01 03:10:00,7,0,52.32,866.38,user_14,Haifa,10.0.0.21,normal
2026-01-01 10:49:00,11,1,23.35,1490.57,user_21,Tel Aviv,10.0.0.35,normal
2026-01-01 04:31:00,9,2,48.28,1019.39,user_20,Tel Aviv,10.0.0.51,normal
2026-01-01 21:28:00,11,2,68.05,1165.4,user_19,Tel Aviv,10.0.0.46,normal
2026-01-01 22:10:00,11,0,52.87,1149.3,user_17,Haifa,10.0.0.30,normal
2026-01-01 16:02:00,7,1,49.4,1019.12,user_22,Beer Sheva,10.0.0.40,normal
2026-01-01 07:58:00,10,1,56.5,1280.97,user_25,Haifa,10.0.0.36,normal
2026-01-01 16:24:00,3,22,5.88,205.43,user_05,Eilat,185.220.101.83,attack
2026-01-01 15:10:00,11,1,39.17,860.44,user_01,Tel Aviv,10.0.0.51,normal
2026-01-01 11:03:00,10,1,56.29,1397.1,user_16,Beer Sheva,10.0.0.46,normal
2026-01-01 08:16:00,10,5,54.33,1383.21,user_05,Eilat,10.0.0.57,normal
2026-01-01 09:57:00,14,0,63.47,850.18,user_10,Tel Aviv,10.0.0.53,normal
2026-01-01 22:18:00,8,1,58.83,1292.75,user_02,Tel Aviv,10.0.0.13,normal
2026-01-01 08:09:00,9,2,49.98,1158.5,user_17,Tel Aviv,10.0.0.32,normal
2026-01-01 19:37:00,7,4,65.02,1276.2,user_20,Haifa,10.0.0.16,normal
2026-01-01 21:15:00,11,0,44.97,1044.94,user_19,Tel Aviv,10.0.0.16,normal
2026-01-01 16:48:00,7,1,39.25,1855.38,user_21,Tel Aviv,10.0.0.24,normal
2026-01-01 01:45:00,13,0,51.58,836.61,user_03,Tel Aviv,10.0.0.34,normal
2026-01-01 04:59:00,14,0,59.52,1281.42,user_08,Haifa,10.0.0.16,normal
2026-01-01 12:53:00,14,5,66.37,617.42,user_17,Haifa,10.0.0.39,normal
2026-01-01 22:14:00,9,0,41.42,1180.56,user_14,Beer Sheva,10.0.0.33,normal
2026-01-01 01:39:00,12,2,70.73,1249.06,user_03,Tel Aviv,10.0.0.32,normal
2026-01-01 10:08:00,6,0,31.96,901.55,user_24,Tel Aviv,10.0.0.45,normal
2026-01-01 03:28:00,7,0,58.89,1081.67,user_05,Haifa,10.0.0.34,normal
2026-01-01 20:11:00,10,1,60.93,1084.12,user_23,Eilat,10.0.0.59,normal
2026-01-01 00:18:00,2,13,10.11,181.21,user_04,Eilat,185.220.101.71,attack
2026-01-01 13:58:00,11,4,61.07,1219.48,user_17,Jerusalem,10.0.0.33,normal
2026-01-01 21:03:00,11,0,92.08,1191.85,user_15,Haifa,10.0.0.17,normal
2026-01-01 17:36:00,10,0,44.15,933.69,user_06,Jerusalem,10.0.0.59,normal
2026-01-01 20:12:00,12,0,45.54,1463.03,user_02,Haifa,10.0.0.15,normal
2026-01-01 00:08:00,11,0,35.92,1433.95,user_18,Tel Aviv,10.0.0.48,normal
2026-01-01 01:53:00,8,1,36.81,1277.46,user_20,Tel Aviv,10.0.0.27,normal
2026-01-01 13:51:00,15,0,54.39,1615.23,user_09,Haifa,10.0.0.28,normal
2026-01-01 17:45:00,10,2,45.23,1521.36,user_10,Haifa,10.0.0.40,normal
2026-01-01 01:03:00,8,1,63.09,1347.79,user_23,Tel Aviv,10.0.0.40,normal
2026-01-01 12:14:00,10,2,66.56,1059.18,user_15,Tel Aviv,10.0.0.31,normal
2026-01-01 09:44:00,12,1,50.3,1485.0,user_02,Jerusalem,10.0.0.37,normal
2026-01-01 12:53:00,7,1,59.45,1141.94,user_03,Jerusalem,10.0.0.50,normal
2026-01-01 09:02:00,13,1,79.08,1138.59,user_06,Tel Aviv,10.0.0.50,normal
2026-01-01 15:02:00,4,1,55.96,1743.83,user_23,Eilat,10.0.0.57,normal
2026-01-01 00:56:00,7,0,60.96,1411.45,user_16,Eilat,10.0.0.24,normal
2026-01-01 16:10:00,10,0,27.34,1751.22,user_14,Beer Sheva,10.0.0.14,normal
2026-01-01 12:04:00,13,0,43.5,1276.99,user_04,Tel Aviv,10.0.0.54,normal
2026-01-01 02:27:00,9,3,54.09,1137.73,user_20,Haifa,10.0.0.22,normal
2026-01-01 19:05:00,12,1,56.18,1282.8,user_25,Tel Aviv,10.0.0.58,normal
2026-01-01 14:27:00,12,2,56.87,1334.97,user_05,Haifa,10.0.0.44,normal
2026-01-01 13:01:00,16,0,60.13,1355.89,user_23,Haifa,10.0.0.18,normal
2026-01-01 01:51:00,13,1,81.65,1144.4,user_13,Beer Sheva,10.0.0.57,normal
2026-01-01 22:24:00,16,1,54.04,1196.27,user_12,Beer Sheva,10.0.0.46,normal
2026-01-01 19:35:00,3,24,4.31,135.83,user_03,Eilat,185.220.101.241,attack
2026-01-01 15:52:00,12,2,73.4,903.55,user_14,Haifa,10.0.0.10,normal
2026-01-01 14:30:00,11,2,50.21,1109.42,user_25,Beer Sheva,10.0.0.46,normal
2026-01-01 08:37:00,10,1,75.44,1310.3,user_03,Tel Aviv,10.0.0.17,normal
2026-01-01 05:09:00,4,24,7.6,220.96,user_08,Eilat,185.220.101.98,attack
2026-01-01 03:13:00,1,1,65.99,1196.87,user_09,Haifa,10.0.0.21,normal
2026-01-01 13:45:00,15,2,51.32,1174.98,user_16,Tel Aviv,10.0.0.21,normal
2026-01-01 01:18:00,6,0,46.12,1133.1,user_13,Haifa,10.0.0.52,normal
2026-01-01 16:45:00,10,2,43.59,1016.92,user_23,Tel Aviv,10.0.0.11,normal
2026-01-01 04:06:00,4,1,55.16,935.32,user_03,Tel Aviv,10.0.0.34,normal
2026-01-01 20:22:00,10,1,51.0,1470.21,user_16,Tel Aviv,10.0.0.27,normal
2026-01-01 12:08:00,12,1,28.98,1244.21,user_08,Jerusalem,10.0.0.57,normal
2026-01-01 14:08:00,15,0,65.33,1578.17,user_03,Beer Sheva,10.0.0.44,normal
2026-01-01 22:58:00,15,1,54.02,1151.12,user_23,Haifa,10.0.0.41,normal
2026-01-01 07:56:00,9,3,63.42,1106.76,user_04,Tel Aviv,10.0.0.36,normal
2026-01-01 13:17:00,9,0,40.85,1412.7,user_21,Tel Aviv,10.0.0.54,normal
2026-01-01 03:31:00,12,2,59.72,1195.06,user_22,Haifa,10.0.0.51,normal
2026-01-01 00:51:00,5,0,50.77,1664.26,user_10,Tel Aviv,10.0.0.36,normal
2026-01-01 20:02:00,7,1,73.9,1250.8,user_15,Tel Aviv,10.0.0.36,normal
2026-01-01 17:45:00,12,1,58.54,1090.04,user_19,Jerusalem,10.0.0.47,normal
2026-01-01 17:00:00,10,2,52.69,1164.15,user_09,Tel Aviv,10.0.0.56,normal
2026-01-01 21:59:00,11,1,50.22,1350.96,user_04,Eilat,10.0.0.41,normal
2026-01-01 19:55:00,12,1,58.71,1343.45,user_21,Haifa,10.0.0.29,normal
2026-01-01 07:31:00,15,0,47.73,1168.78,user_10,Beer Sheva,10.0.0.25,normal
2026-01-01 12:08:00,8,2,31.78,844.38,user_05,Tel Aviv,10.0.0.16,normal
2026-01-01 02:56:00,11,2,64.31,1099.41,user_16,Tel Aviv,10.0.0.26,normal
2026-01-01 20:42:00,10,2,55.7,1398.99,user_12,Jerusalem,10.0.0.52,normal
2026-01-01 17:52:00,7,2,51.59,940.0,user_04,Tel Aviv,10.0.0.52,normal
2026-01-01 16:38:00,8,2,41.85,1179.53,user_03,Jerusalem,10.0.0.27,normal
2026-01-01 23:05:00,14,2,62.05,1186.65,user_10,Beer Sheva,10.0.0.35,normal
2026-01-01 10:55:00,9,1,55.59,981.9,user_11,Haifa,10.0.0.21,normal
2026-01-01 21:01:00,8,1,50.75,613.65,user_02,Haifa,10.0.0.13,normal
2026-01-01 19:26:00,13,1,55.64,1475.54,user_17,Tel Aviv,10.0.0.19,normal
2026-01-01 11:46:00,12,0,64.02,627.3,user_02,Haifa,10.0.0.59,normal
2026-01-01 04:24:00,11,2,63.26,1305.6,user_17,Haifa,10.0.0.55,normal
2026-01-01 17:05:00,11,0,59.26,1200.07,user_21,Tel Aviv,10.0.0.49,normal
2026-01-01 08:26:00,15,0,45.52,1124.14,user_10,Tel Aviv,10.0.0.38,normal
2026-01-01 14:36:00,12,0,51.74,869.48,user_12,Beer Sheva,10.0.0.54,normal
2026-01-01 11:07:00,10,0,45.29,1419.99,user_24,Haifa,10.0.0.38,normal
2026-01-01 18:44:00,9,2,79.24,1001.01,user_25,Haifa,10.0.0.15,normal
2026-01-01 10:24:00,9,1,32.84,1301.02,user_13,Tel Aviv,10.0.0.34,normal
2026-01-01 00:33:00,7,1,49.77,988.98,user_24,Jerusalem,10.0.0.15,normal
2026-01-01 18:04:00,7,2,38.37,1476.51,user_23,Tel Aviv,10.0.0.25,normal
2026-01-01 16:45:00,13,2,49.82,1350.11,user_05,Tel Aviv,10.0.0.27,normal
2026-01-01 03:57:00,10,0,42.32,1215.86,user_23,Tel Aviv,10.0.0.45,normal
2026-01-01 13:00:00,11,0,84.73,1500.65,user_05,Tel Aviv,10.0.0.24,normal
2026-01-01 08:33:00,15,1,52.39,974.92,user_04,Jerusalem,10.0.0.25,normal
2026-01-01 15:23:00,9,2,35.47,1306.58,user_19,Tel Aviv,10.0.0.58,normal
2026-01-01 06:46:00,9,1,46.93,1150.93,user_21,Jerusalem,10.0.0.25,normal
2026-01-01 13:18:00,11,1,70.79,1103.64,user_17,Beer Sheva,10.0.0.20,normal
2026-01-01 14:18:00,8,0,48.59,966.52,user_12,Eilat,10.0.0.39,normal
2026-01-01 22:36:00,9,0,84.49,1107.04,user_07,Haifa,10.0.0.32,normal
2026-01-01 14:14:00,13,1,57.05,1347.41,user_20,Tel Aviv,10.0.0.13,normal
2026-01-01 19:52:00,7,3,53.86,1354.69,user_13,Haifa,10.0.0.39,normal
2026-01-01 04:19:00,7,1,57.31,1175.56,user_02,Jerusalem,10.0.0.50,normal
2026-01-01 17:57:00,8,1,33.92,950.14,user_25,Tel Aviv,10.0.0.32,normal
2026-01-01 20:07:00,7,0,59.44,1582.13,user_16,Tel Aviv,10.0.0.15,normal
2026-01-01 22:58:00,8,1,69.17,1079.25,user_21,Tel Aviv,10.0.0.38,normal
2026-01-01 01:59:00,9,2,47.94,1247.17,user_14,Jerusalem,10.0.0.22,normal
